image_name,true_class,similarity_with_Actinic keratosis,similarity_with_Atopic Dermatitis,similarity_with_Benign keratosis,similarity_with_Dermatofibroma,similarity_with_Melanocytic nevus,similarity_with_Melanoma,similarity_with_Squamous cell carcinoma,similarity_with_Vascular lesion
ISIC_0024468.jpg,Actinic keratosis,[0.56674314],[0.00145464],[0.00037053],[0.01107892],[0.00250941],[0.00320723],[0.6993341],[0.00548507]
ISIC_0024470.jpg,Actinic keratosis,[0.6824365],[0.00082633],[0.00115619],[0.14459056],[0.0054659],[0.00839958],[0.7947558],[0.03961588]
ISIC_0024707.jpg,Actinic keratosis,[0.73075294],[0.00237028],[0.00212427],[0.10914193],[0.02283674],[0.02746141],[0.775172],[0.06573793]
ISIC_0024763.jpg,Actinic keratosis,[0.8966876],[0.00188669],[0.00073955],[0.00884968],[0.0041454],[0.00511267],[0.5522618],[0.00898807]
ISIC_0024771.jpg,Actinic keratosis,[0.8634021],[0.00164987],[0.00031109],[0.00985059],[0.00253217],[0.00333224],[0.63523686],[0.00514204]
ISIC_0024800.jpg,Actinic keratosis,[0.8462677],[0.00155957],[0.00223883],[0.04172065],[0.04379336],[0.04898424],[0.7759103],[0.06262145]
ISIC_0024913.jpg,Actinic keratosis,[0.85152733],[0.00182578],[0.00050596],[0.0149817],[0.00135326],[0.00187914],[0.64508075],[0.01068835]
ISIC_0024948.jpg,Actinic keratosis,[0.80932057],[0.00107918],[0.00237912],[0.1246795],[0.00396692],[0.00420212],[0.7446236],[0.02270296]
ISIC_0025780.jpg,Actinic keratosis,[0.92586046],[0.00114269],[0.00055783],[0.02278178],[0.00277183],[0.00369275],[0.71903455],[0.00733633]
ISIC_0025953.jpg,Actinic keratosis,[0.9003449],[0.0023245],[0.00068191],[0.01453264],[0.00515806],[0.0062906],[0.6582296],[0.00871685]
ISIC_0025957.jpg,Actinic keratosis,[0.494896],[0.00075301],[0.00086342],[0.07526711],[0.01867478],[0.02278895],[0.8892505],[0.07138545]
ISIC_0025992.jpg,Actinic keratosis,[0.8976568],[0.00252078],[0.00039129],[0.01105187],[0.00193347],[0.0025828],[0.60027456],[0.00516918]
ISIC_0026149.jpg,Actinic keratosis,[0.8848737],[0.00172146],[0.00034039],[0.00887183],[0.00142975],[0.00182441],[0.4481184],[0.00377083]
ISIC_0026171.jpg,Actinic keratosis,[0.9124853],[0.00157307],[0.00046485],[0.01320848],[0.00289759],[0.00286154],[0.5367642],[0.00950191]
ISIC_0026457.jpg,Actinic keratosis,[0.822523],[0.00107278],[0.00044921],[0.04367691],[0.00437509],[0.00642305],[0.84792376],[0.02299559]
ISIC_0026525.jpg,Actinic keratosis,[0.8783158],[0.0029662],[0.00066066],[0.01138235],[0.00468521],[0.00655727],[0.6067511],[0.00851712]
ISIC_0026575.jpg,Actinic keratosis,[0.6874255],[0.00332589],[0.0009062],[0.07740653],[0.00160986],[0.00237207],[0.6039572],[0.00798226]
ISIC_0026625.jpg,Actinic keratosis,[0.86466634],[0.00118736],[0.00108488],[0.03246939],[0.00422345],[0.00504806],[0.64136964],[0.01127581]
ISIC_0026626.jpg,Actinic keratosis,[0.88155985],[0.00232967],[0.00179183],[0.06185539],[0.01309817],[0.01394002],[0.80285907],[0.03245136]
ISIC_0026702.jpg,Actinic keratosis,[0.90916806],[0.00182939],[0.00057998],[0.01341478],[0.00132633],[0.00206055],[0.53286576],[0.00649043]
ISIC_0026709.jpg,Actinic keratosis,[0.8659454],[0.0013347],[0.00059291],[0.02591147],[0.0010988],[0.00156602],[0.6208084],[0.00695612]
ISIC_0026729.jpg,Actinic keratosis,[0.8809219],[0.0013522],[0.00028329],[0.0146425],[0.000889],[0.00103891],[0.5994139],[0.00317752]
ISIC_0026848.jpg,Actinic keratosis,[0.45387635],[0.00163954],[0.04963612],[0.3359304],[0.0595996],[0.06862398],[0.6010557],[0.3448156]
ISIC_0026857.jpg,Actinic keratosis,[0.7805896],[0.00109753],[0.00319493],[0.0927766],[0.01334974],[0.01577636],[0.83868784],[0.06865806]
ISIC_0026905.jpg,Actinic keratosis,[0.36619392],[0.00069492],[0.00225198],[0.58305734],[0.00418443],[0.00436082],[0.6137484],[0.03953621]
ISIC_0027172.jpg,Actinic keratosis,[0.9276667],[0.00094483],[0.00044079],[0.0172229],[0.00315698],[0.00426861],[0.612988],[0.00864909]
ISIC_0027254.jpg,Actinic keratosis,[0.18495448],[0.00501987],[0.0637802],[0.06562676],[0.3940165],[0.39721242],[0.287942],[0.61263967]
ISIC_0027447.jpg,Actinic keratosis,[0.9045863],[0.00174512],[0.00077247],[0.03270654],[0.00237097],[0.00364639],[0.7878674],[0.01777521]
ISIC_0027536.jpg,Actinic keratosis,[0.84364593],[0.00143109],[0.00059331],[0.05117462],[0.00265267],[0.00415276],[0.7444464],[0.02387517]
ISIC_0027562.jpg,Actinic keratosis,[0.8043972],[0.00301028],[0.00234023],[0.05487037],[0.02097896],[0.02872992],[0.8232684],[0.03543741]
ISIC_0027588.jpg,Actinic keratosis,[0.69640857],[0.00812565],[0.00451607],[0.14408757],[0.02321769],[0.03914812],[0.82570314],[0.09333817]
ISIC_0027615.jpg,Actinic keratosis,[0.62612534],[0.00067305],[0.00157156],[0.3404713],[0.00541665],[0.00659012],[0.73485976],[0.03855358]
ISIC_0027650.jpg,Actinic keratosis,[0.89317703],[0.00215178],[0.0010626],[0.02126307],[0.0116429],[0.01353878],[0.76859903],[0.01754637]
ISIC_0027829.jpg,Actinic keratosis,[0.9280185],[0.00145283],[0.00044892],[0.01820278],[0.00859452],[0.01296402],[0.79867834],[0.01887268]
ISIC_0027884.jpg,Actinic keratosis,[0.8677353],[0.00125647],[0.00087578],[0.0227806],[0.00280616],[0.00357835],[0.75766975],[0.00952336]
ISIC_0027950.jpg,Actinic keratosis,[0.8452917],[0.00381649],[0.00210776],[0.06072579],[0.03725899],[0.05486351],[0.8384699],[0.0401222]
ISIC_0028063.jpg,Actinic keratosis,[0.83134806],[0.00900063],[0.00039848],[0.01391743],[0.00141433],[0.00171925],[0.67868817],[0.00362545]
ISIC_0028076.jpg,Actinic keratosis,[0.8907134],[0.00067201],[0.00062374],[0.04103313],[0.0035673],[0.0046126],[0.82131535],[0.02303496]
ISIC_0028190.jpg,Actinic keratosis,[0.85366243],[0.00338661],[0.00071196],[0.02399327],[0.00279347],[0.00361018],[0.7197649],[0.00950289]
ISIC_0028314.jpg,Actinic keratosis,[0.741283],[0.0007697],[0.00206704],[0.07806001],[0.0039968],[0.00654226],[0.71715355],[0.0275637]
ISIC_0028370.jpg,Actinic keratosis,[0.9123502],[0.00280645],[0.00046893],[0.01423022],[0.00156791],[0.00208016],[0.616733],[0.00598492]
ISIC_0028393.jpg,Actinic keratosis,[0.9314884],[0.0021],[0.00059973],[0.01256965],[0.00805521],[0.01170321],[0.70479864],[0.01740208]
ISIC_0028517.jpg,Actinic keratosis,[0.5739259],[0.00092962],[0.0011691],[0.12090239],[0.00330422],[0.00517179],[0.77716625],[0.01984839]
ISIC_0028558.jpg,Actinic keratosis,[0.8782302],[0.00163482],[0.00022972],[0.01107067],[0.00082593],[0.00114531],[0.4148306],[0.00255533]
ISIC_0028619.jpg,Actinic keratosis,[0.65057987],[0.00200886],[0.00077845],[0.1685018],[0.00179328],[0.00206782],[0.8127033],[0.0171079]
ISIC_0028854.jpg,Actinic keratosis,[0.9427685],[0.00112319],[0.0004017],[0.01682939],[0.00207513],[0.00284765],[0.6909231],[0.00984679]
ISIC_0028941.jpg,Actinic keratosis,[0.8690442],[0.00726403],[0.00457497],[0.24070081],[0.01382689],[0.02157486],[0.845822],[0.0899227]
ISIC_0028990.jpg,Actinic keratosis,[0.23448865],[0.00063109],[0.00245584],[0.61797386],[0.00264142],[0.00335509],[0.4909713],[0.03289622]
ISIC_0029041.jpg,Actinic keratosis,[0.93150866],[0.00136764],[0.00067091],[0.01953719],[0.00280633],[0.00349878],[0.666535],[0.01030051]
ISIC_0029133.jpg,Actinic keratosis,[0.86385596],[0.00065564],[0.000566],[0.07142967],[0.0015959],[0.00249691],[0.75715333],[0.01053244]
ISIC_0029141.jpg,Actinic keratosis,[0.8540985],[0.0018168],[0.00044493],[0.01449117],[0.002215],[0.00220076],[0.6367669],[0.01029442]
ISIC_0029309.jpg,Actinic keratosis,[0.91503936],[0.00283526],[0.00057352],[0.01515643],[0.01173597],[0.01472122],[0.7337851],[0.01986784]
ISIC_0029460.jpg,Actinic keratosis,[0.26414043],[0.00076261],[0.00213032],[0.42909393],[0.00115627],[0.00183123],[0.48064798],[0.02096106]
ISIC_0029500.jpg,Actinic keratosis,[0.818632],[0.00227403],[0.00144987],[0.02678676],[0.00249228],[0.00356226],[0.48989144],[0.01180939]
ISIC_0029659.jpg,Actinic keratosis,[0.9008141],[0.00148386],[0.00041318],[0.01046524],[0.00212693],[0.00251858],[0.7007364],[0.00845847]
ISIC_0029713.jpg,Actinic keratosis,[0.84191096],[0.00062433],[0.00039939],[0.02645341],[0.00098746],[0.00133736],[0.60469395],[0.0070109]
ISIC_0029827.jpg,Actinic keratosis,[0.7921184],[0.00139809],[0.00171321],[0.13908456],[0.00656361],[0.0080379],[0.8153227],[0.04631397]
ISIC_0029830.jpg,Actinic keratosis,[0.7890118],[0.00293417],[0.00160272],[0.0842391],[0.00919861],[0.01085194],[0.863319],[0.02440289]
ISIC_0029840.jpg,Actinic keratosis,[0.88506126],[0.00263255],[0.00045439],[0.02025929],[0.00150109],[0.00178038],[0.75993776],[0.00907484]
ISIC_0029900.jpg,Actinic keratosis,[0.8250755],[0.00249059],[0.00420292],[0.01724327],[0.01815702],[0.0177491],[0.5721452],[0.03406566]
ISIC_0029930.jpg,Actinic keratosis,[0.91971195],[0.00191246],[0.00041793],[0.01056415],[0.00179861],[0.00203468],[0.6240273],[0.00552663]
ISIC_0030133.jpg,Actinic keratosis,[0.91782856],[0.00122214],[0.00028022],[0.00743308],[0.00102718],[0.00153843],[0.58875453],[0.00441156]
ISIC_0030142.jpg,Actinic keratosis,[0.8176424],[0.00068901],[0.00099959],[0.05416075],[0.00306289],[0.0054754],[0.73786736],[0.01718398]
ISIC_0030344.jpg,Actinic keratosis,[0.891499],[0.00105121],[0.00119082],[0.07939704],[0.00344677],[0.00452494],[0.66948324],[0.01594004]
ISIC_0030408.jpg,Actinic keratosis,[0.82852846],[0.00162432],[0.00062818],[0.07085816],[0.00185793],[0.00229914],[0.8256585],[0.01294837]
ISIC_0030463.jpg,Actinic keratosis,[0.8924413],[0.00156196],[0.00023825],[0.0067321],[0.00069185],[0.00080846],[0.3581099],[0.00500931]
ISIC_0030655.jpg,Actinic keratosis,[0.90816987],[0.00193817],[0.00066087],[0.01228822],[0.00553232],[0.00571777],[0.64683],[0.0117372]
ISIC_0030730.jpg,Actinic keratosis,[0.9164359],[0.00094109],[0.00031925],[0.01121621],[0.00218895],[0.00285909],[0.5402904],[0.0094337]
ISIC_0030825.jpg,Actinic keratosis,[0.907485],[0.00452255],[0.00059842],[0.05740641],[0.00258257],[0.00384876],[0.8273197],[0.01272926]
ISIC_0030877.jpg,Actinic keratosis,[0.855128],[0.00459215],[0.00422033],[0.06093318],[0.03059204],[0.03997232],[0.7578682],[0.04336052]
ISIC_0031040.jpg,Actinic keratosis,[0.864768],[0.00121539],[0.00132551],[0.0431427],[0.00331117],[0.00387517],[0.71241844],[0.01557407]
ISIC_0031108.jpg,Actinic keratosis,[0.88501227],[0.00463164],[0.00054864],[0.04228833],[0.00353184],[0.00501545],[0.8158984],[0.00993171]
ISIC_0031228.jpg,Actinic keratosis,[0.9044329],[0.00365252],[0.00068174],[0.01099543],[0.00275102],[0.00355069],[0.671604],[0.00785428]
ISIC_0031292.jpg,Actinic keratosis,[0.71544296],[0.00083016],[0.00120561],[0.14703698],[0.00248796],[0.0039411],[0.7511266],[0.02316895]
ISIC_0031335.jpg,Actinic keratosis,[0.8667384],[0.00151005],[0.00028184],[0.00561076],[0.00073339],[0.00092532],[0.48509285],[0.00380327]
ISIC_0031381.jpg,Actinic keratosis,[0.89166903],[0.00095627],[0.00021071],[0.00409063],[0.0007922],[0.00099921],[0.49693224],[0.00261832]
ISIC_0031430.jpg,Actinic keratosis,[0.9456168],[0.0010223],[0.00029821],[0.02896285],[0.00173534],[0.00210079],[0.66874236],[0.00963875]
ISIC_0031506.jpg,Actinic keratosis,[0.91929024],[0.00110931],[0.00059775],[0.04057935],[0.00164983],[0.00243721],[0.7175521],[0.01844249]
ISIC_0031922.jpg,Actinic keratosis,[0.25286216],[0.00133713],[0.00165683],[0.49092534],[0.00207295],[0.00351965],[0.5438872],[0.02788608]
ISIC_0032135.jpg,Actinic keratosis,[0.9071834],[0.00281312],[0.00038836],[0.00819785],[0.00131738],[0.00137882],[0.49908835],[0.00612704]
1_14.jpg,Atopic Dermatitis,[0.00145464],[0.56674314],[0.00011428],[0.00252873],[0.00283342],[0.00277753],[0.00057443],[0.00472895]
1_15.jpg,Atopic Dermatitis,[0.00162076],[0.9791742],[0.00014943],[0.00271257],[0.00248669],[0.00234182],[0.00078159],[0.00521188]
1_16.jpg,Atopic Dermatitis,[0.00072902],[0.99438286],[8.053519e-05],[0.0017731],[0.00148592],[0.00144222],[0.00034889],[0.0023153]
1_17.jpg,Atopic Dermatitis,[0.00070274],[0.9988298],[9.175891e-05],[0.00111163],[0.00155156],[0.00173993],[0.0007179],[0.00364751]
1_18.jpg,Atopic Dermatitis,[0.0023757],[0.9848519],[0.00024225],[0.00656077],[0.00349679],[0.00412866],[0.0013029],[0.00711967]
1_19.jpg,Atopic Dermatitis,[0.00062948],[0.9965603],[9.0439964e-05],[0.00184268],[0.00138432],[0.00130333],[0.00044998],[0.00314077]
1_20.jpg,Atopic Dermatitis,[0.00092108],[0.99602157],[7.62e-05],[0.00164591],[0.00156006],[0.00144191],[0.00079886],[0.00227692]
1_21.jpg,Atopic Dermatitis,[0.00092307],[0.9962507],[0.0001226],[0.00207535],[0.00192489],[0.00178691],[0.00067437],[0.00423381]
1_22.jpg,Atopic Dermatitis,[0.00131656],[0.9894159],[0.00017202],[0.00309624],[0.00210809],[0.00233188],[0.00077743],[0.00444661]
1_23.jpg,Atopic Dermatitis,[0.00061403],[0.996768],[4.9361082e-05],[0.00092419],[0.00107441],[0.00095234],[0.00060394],[0.00284124]
1_24.jpg,Atopic Dermatitis,[0.00113886],[0.99532974],[0.0001105],[0.0018047],[0.00194586],[0.0020353],[0.00053548],[0.00460903]
1_25.jpg,Atopic Dermatitis,[0.00056811],[0.9881605],[6.12057e-05],[0.00104089],[0.00092733],[0.00117584],[0.0002435],[0.00265561]
1_26.jpg,Atopic Dermatitis,[0.00119116],[0.99853945],[7.355535e-05],[0.00216716],[0.0026125],[0.00224308],[0.00110063],[0.00490483]
1_27.jpg,Atopic Dermatitis,[0.00136995],[0.9900884],[9.847242e-05],[0.00175299],[0.00189455],[0.00216772],[0.0006606],[0.00347518]
1_29.jpg,Atopic Dermatitis,[0.00050589],[0.9989617],[5.3373875e-05],[0.0005121],[0.0006748],[0.00074192],[0.00030109],[0.00323541]
1_30.jpg,Atopic Dermatitis,[0.00079056],[0.9864029],[8.3187755e-05],[0.00156816],[0.00150772],[0.00176792],[0.0003112],[0.00443532]
1_31.jpg,Atopic Dermatitis,[0.00105844],[0.9834691],[8.978262e-05],[0.00176751],[0.00244391],[0.00291774],[0.00051495],[0.00405158]
1_32.jpg,Atopic Dermatitis,[0.00103236],[0.99924135],[8.053649e-05],[0.00209347],[0.00168786],[0.00153106],[0.00083084],[0.00404859]
1_35.jpg,Atopic Dermatitis,[0.00078367],[0.99803704],[5.974925e-05],[0.00084786],[0.00090098],[0.00094665],[0.0008475],[0.00352547]
1_36.jpg,Atopic Dermatitis,[0.00071614],[0.99580115],[4.1288436e-05],[0.00120444],[0.00148604],[0.00185033],[0.00051701],[0.00345033]
1_39.jpg,Atopic Dermatitis,[0.00052221],[0.9994741],[5.5966248e-05],[0.00046296],[0.00088185],[0.00078715],[0.00044123],[0.00261669]
1_41.jpg,Atopic Dermatitis,[0.00053067],[0.9974101],[4.0033978e-05],[0.00096982],[0.00074746],[0.00075198],[0.0003016],[0.00258906]
1_42.jpg,Atopic Dermatitis,[0.00106553],[0.99760747],[9.792846e-05],[0.00386003],[0.0035539],[0.00321528],[0.0013781],[0.00462109]
1_43.jpg,Atopic Dermatitis,[0.00095055],[0.99966955],[8.9060624e-05],[0.00117008],[0.00164471],[0.00142405],[0.0013231],[0.00484823]
1_44.jpg,Atopic Dermatitis,[0.00252465],[0.99608266],[0.00023494],[0.00544904],[0.00988898],[0.01077086],[0.00358159],[0.02381812]
1_45.jpg,Atopic Dermatitis,[0.00045257],[0.99901605],[3.3121014e-05],[0.00077869],[0.00052949],[0.00072131],[0.00042954],[0.00191537]
1_46.jpg,Atopic Dermatitis,[0.00057265],[0.99492705],[4.1786585e-05],[0.00071023],[0.00084005],[0.00102175],[0.00027025],[0.0024992]
1_47.jpg,Atopic Dermatitis,[0.00196623],[0.99820006],[0.00015917],[0.00490332],[0.00439055],[0.00442098],[0.00208715],[0.00720457]
1_48.jpg,Atopic Dermatitis,[0.00155588],[0.9993037],[0.0001382],[0.0011421],[0.00151316],[0.0011876],[0.00144059],[0.00343777]
1_49.jpg,Atopic Dermatitis,[0.00075678],[0.99955624],[8.251754e-05],[0.00135107],[0.00185295],[0.00167855],[0.00074543],[0.00495039]
1_51.jpg,Atopic Dermatitis,[0.00075678],[0.99955624],[8.251754e-05],[0.00135107],[0.00185295],[0.00167855],[0.00074543],[0.00495039]
1_52.jpg,Atopic Dermatitis,[0.00418721],[0.9931967],[0.00012589],[0.0040821],[0.00415286],[0.00422774],[0.00283965],[0.00692991]
1_53.jpg,Atopic Dermatitis,[0.00170377],[0.9981268],[0.00013211],[0.00347899],[0.00243235],[0.00245976],[0.00132431],[0.00823846]
1_55.jpg,Atopic Dermatitis,[0.00199069],[0.99604106],[6.5034925e-05],[0.00297626],[0.00215894],[0.00208939],[0.0013848],[0.00403882]
1_57.jpg,Atopic Dermatitis,[0.00229205],[0.99746346],[0.00014583],[0.00270239],[0.00275169],[0.00261527],[0.00176846],[0.00560873]
1_58.jpg,Atopic Dermatitis,[0.0009209],[0.99527407],[0.00010192],[0.00152383],[0.00174348],[0.00199104],[0.00048919],[0.00285272]
1_59.jpg,Atopic Dermatitis,[0.00040684],[0.9986607],[3.886764e-05],[0.00057946],[0.00058655],[0.00066739],[0.00024787],[0.00192932]
1_60.jpg,Atopic Dermatitis,[0.00052614],[0.9963168],[5.102814e-05],[0.00112855],[0.0008322],[0.00104448],[0.00025666],[0.00217028]
1_62.jpg,Atopic Dermatitis,[0.00131439],[0.99838233],[8.350639e-05],[0.0020937],[0.00212888],[0.00189924],[0.00084163],[0.00390187]
1_63.jpg,Atopic Dermatitis,[0.00061876],[0.99881434],[4.46238e-05],[0.00104314],[0.00078803],[0.0011211],[0.00038507],[0.00234496]
1_64.jpg,Atopic Dermatitis,[0.00054461],[0.99527454],[4.427562e-05],[0.00124139],[0.0010257],[0.00118453],[0.00025584],[0.00162412]
1_66.jpg,Atopic Dermatitis,[0.00093421],[0.99691147],[0.00010399],[0.00179413],[0.00163868],[0.00179303],[0.00058075],[0.00346381]
1_67.jpg,Atopic Dermatitis,[0.00136588],[0.99640477],[0.00023617],[0.00295605],[0.0018795],[0.00209161],[0.00061592],[0.00428106]
1_68.jpg,Atopic Dermatitis,[0.00168042],[0.9957826],[0.00016845],[0.00385989],[0.00788031],[0.00768529],[0.00206442],[0.012383]
1_69.jpg,Atopic Dermatitis,[0.00071066],[0.99620074],[6.3741674e-05],[0.00160349],[0.00143653],[0.0018081],[0.00043772],[0.00332761]
1_71.jpg,Atopic Dermatitis,[0.00107659],[0.9947843],[0.00011422],[0.00152526],[0.0017282],[0.0020754],[0.00045498],[0.00544327]
1_73.jpg,Atopic Dermatitis,[0.00096613],[0.9991722],[6.361573e-05],[0.00167454],[0.00190166],[0.00177249],[0.00087984],[0.00592918]
1_74.jpg,Atopic Dermatitis,[0.00064016],[0.9994615],[5.1072635e-05],[0.0012362],[0.00107236],[0.001385],[0.00070201],[0.00251797]
1_76.jpg,Atopic Dermatitis,[0.0008532],[0.9944501],[0.0001121],[0.00198803],[0.00192059],[0.00206105],[0.00032404],[0.00436052]
1_77.jpg,Atopic Dermatitis,[0.00083485],[0.9930006],[6.895211e-05],[0.00162394],[0.00176297],[0.00173002],[0.00047875],[0.00267193]
1_78.jpg,Atopic Dermatitis,[0.00127439],[0.9977315],[0.00015015],[0.00274837],[0.00462885],[0.00481597],[0.00126101],[0.00835585]
1_79.jpg,Atopic Dermatitis,[0.00046097],[0.996931],[4.586566e-05],[0.00103326],[0.00093061],[0.00119937],[0.00026559],[0.00246848]
1_80.jpg,Atopic Dermatitis,[0.00140907],[0.9971296],[8.437898e-05],[0.00286726],[0.00186844],[0.0019526],[0.00102188],[0.00587296]
1_81.jpg,Atopic Dermatitis,[0.00152324],[0.9984282],[8.55228e-05],[0.00266613],[0.00179789],[0.00147325],[0.00106085],[0.00818183]
1_82.jpg,Atopic Dermatitis,[0.00483212],[0.99657553],[0.00017452],[0.00564136],[0.00350032],[0.0037266],[0.00260816],[0.01344563]
1_83.jpg,Atopic Dermatitis,[0.00203815],[0.99843556],[0.00011292],[0.00207405],[0.00228402],[0.00182092],[0.00129794],[0.01110587]
1_84.jpg,Atopic Dermatitis,[0.00291424],[0.9981592],[0.00023871],[0.00382369],[0.0026281],[0.00295682],[0.00243627],[0.01430453]
2_0.jpg,Atopic Dermatitis,[0.00140736],[0.99866045],[0.00014307],[0.00456476],[0.00178615],[0.00219725],[0.00097584],[0.00659088]
2_1.jpg,Atopic Dermatitis,[0.00117359],[0.99407274],[8.6304375e-05],[0.00227557],[0.00194672],[0.00213886],[0.00056756],[0.00338618]
2_10.jpg,Atopic Dermatitis,[0.00079248],[0.997547],[6.3963555e-05],[0.00199048],[0.0018346],[0.00241489],[0.00061303],[0.00364028]
2_11.jpg,Atopic Dermatitis,[0.00079919],[0.99704486],[9.291492e-05],[0.00155595],[0.00138424],[0.00168529],[0.00058688],[0.00359502]
2_12.jpg,Atopic Dermatitis,[0.00108025],[0.9956676],[9.345251e-05],[0.00187948],[0.00224509],[0.00204192],[0.00077587],[0.00278368]
2_13.jpg,Atopic Dermatitis,[0.00162553],[0.9966628],[0.00018602],[0.00329884],[0.00460541],[0.00477969],[0.00141505],[0.01092383]
2_15.jpg,Atopic Dermatitis,[0.00058296],[0.99727875],[5.8599977e-05],[0.00130933],[0.00087047],[0.00114138],[0.0002648],[0.00232067]
2_17.jpg,Atopic Dermatitis,[0.0009564],[0.99670464],[9.679395e-05],[0.00132478],[0.00143119],[0.0017869],[0.0003768],[0.00349566]
2_18.jpg,Atopic Dermatitis,[0.00071013],[0.9949351],[0.00010058],[0.0012343],[0.00147077],[0.00187037],[0.00031765],[0.00325986]
2_19.jpg,Atopic Dermatitis,[0.0005707],[0.9985178],[7.10957e-05],[0.00080652],[0.00096349],[0.00123474],[0.00041685],[0.00192689]
2_2.jpg,Atopic Dermatitis,[0.00124912],[0.99790466],[0.00011565],[0.00456632],[0.00247342],[0.00248298],[0.00072649],[0.00494479]
2_20.jpg,Atopic Dermatitis,[0.00052395],[0.9974752],[8.30595e-05],[0.00105318],[0.00107511],[0.00130936],[0.0004444],[0.0020985]
2_21.jpg,Atopic Dermatitis,[0.00137978],[0.99212754],[0.00019515],[0.00298174],[0.00361957],[0.00451495],[0.00064975],[0.00592059]
2_22.jpg,Atopic Dermatitis,[0.00108258],[0.9972862],[0.00010819],[0.00159994],[0.00179153],[0.00212776],[0.00038137],[0.00381433]
2_23.jpg,Atopic Dermatitis,[0.00054698],[0.9962794],[8.408339e-05],[0.00123546],[0.00145029],[0.00187447],[0.00027854],[0.00312279]
2_24.jpg,Atopic Dermatitis,[0.0016313],[0.99686146],[0.00017309],[0.00271604],[0.00292875],[0.00338016],[0.00060426],[0.00663025]
2_25.jpg,Atopic Dermatitis,[0.00096807],[0.9972492],[9.47084e-05],[0.00232269],[0.00179399],[0.00205216],[0.00065619],[0.00463386]
2_27.jpg,Atopic Dermatitis,[0.00058289],[0.9957579],[5.9655365e-05],[0.00129334],[0.0013996],[0.00168],[0.00036618],[0.00495573]
2_4.jpg,Atopic Dermatitis,[0.00081809],[0.99791545],[5.7706548e-05],[0.00209988],[0.00197781],[0.00266348],[0.00047902],[0.00474137]
2_5.jpg,Atopic Dermatitis,[0.00082252],[0.99796677],[6.4783744e-05],[0.00128076],[0.00164477],[0.00183743],[0.00070476],[0.00399558]
2_6.jpg,Atopic Dermatitis,[0.00125008],[0.9946891],[0.00013239],[0.00277845],[0.00294991],[0.00356477],[0.00062059],[0.00391516]
2_7.jpg,Atopic Dermatitis,[0.00163313],[0.9947541],[0.00014419],[0.0031859],[0.00493438],[0.00471479],[0.00126373],[0.00931005]
2_8.jpg,Atopic Dermatitis,[0.00037868],[0.9966132],[4.6034544e-05],[0.00085159],[0.00101819],[0.00114785],[0.00026612],[0.00170026]
2_9.jpg,Atopic Dermatitis,[0.00092419],[0.9963643],[9.3317074e-05],[0.00213962],[0.00195266],[0.00196103],[0.00045809],[0.00373323]
ISIC_0014567_downsampled.jpg,Benign keratosis,[0.00037053],[0.00011428],[0.56674314],[0.02582668],[0.00264784],[0.00312619],[0.00062635],[0.20187837]
ISIC_0014568_downsampled.jpg,Benign keratosis,[0.00033526],[0.00010243],[0.9839655],[0.03364093],[0.00194508],[0.00177741],[0.00067793],[0.15511489]
ISIC_0014569_downsampled.jpg,Benign keratosis,[0.00042786],[0.00022801],[0.9847653],[0.02369338],[0.00603785],[0.00532285],[0.00079877],[0.37695667]
ISIC_0014571_downsampled.jpg,Benign keratosis,[0.00021767],[0.00012857],[0.98629576],[0.01639388],[0.00189291],[0.00203322],[0.00039478],[0.13282536]
ISIC_0014572_downsampled.jpg,Benign keratosis,[0.00053959],[0.00018366],[0.9823621],[0.03567394],[0.00671791],[0.00577696],[0.00112218],[0.2678387]
ISIC_0014573_downsampled.jpg,Benign keratosis,[0.00034664],[0.00015004],[0.9728107],[0.01822965],[0.00207406],[0.00265242],[0.00049905],[0.27337715]
ISIC_0014574_downsampled.jpg,Benign keratosis,[0.001027],[0.00016485],[0.9259717],[0.06659506],[0.01736207],[0.01928289],[0.00184059],[0.41868815]
ISIC_0014575_downsampled.jpg,Benign keratosis,[0.00070542],[0.00017856],[0.97917145],[0.0439886],[0.00638644],[0.00634223],[0.00085231],[0.24524933]
ISIC_0014576_downsampled.jpg,Benign keratosis,[0.00138612],[0.00053502],[0.9639295],[0.10125241],[0.00625401],[0.00644393],[0.00201746],[0.29566565]
ISIC_0014577_downsampled.jpg,Benign keratosis,[0.00054043],[0.00012769],[0.9817114],[0.04884796],[0.00940575],[0.01122866],[0.00126456],[0.3988072]
ISIC_0014578_downsampled.jpg,Benign keratosis,[0.00111287],[0.00031148],[0.9714714],[0.09351198],[0.00409884],[0.00393917],[0.00163428],[0.21090579]
ISIC_0014581_downsampled.jpg,Benign keratosis,[0.00031941],[0.0001687],[0.98687476],[0.0228213],[0.00248638],[0.00347029],[0.00050814],[0.23651753]
ISIC_0014585_downsampled.jpg,Benign keratosis,[0.0005238],[8.123848e-05],[0.9857329],[0.04657284],[0.00399318],[0.00312016],[0.00093086],[0.17960319]
ISIC_0014586_downsampled.jpg,Benign keratosis,[0.00145451],[0.00034099],[0.9738385],[0.08295339],[0.02125705],[0.02518114],[0.00251704],[0.5613964]
ISIC_0014587_downsampled.jpg,Benign keratosis,[0.00030008],[0.00015634],[0.9823537],[0.00629917],[0.0039149],[0.00511842],[0.00051498],[0.38328895]
ISIC_0014588_downsampled.jpg,Benign keratosis,[0.0004339],[0.00020313],[0.99194676],[0.02424432],[0.00345332],[0.00322679],[0.0006453],[0.21798539]
ISIC_0014589_downsampled.jpg,Benign keratosis,[0.0003245],[0.00014212],[0.97147095],[0.0048978],[0.00341449],[0.00410912],[0.00034789],[0.36030778]
ISIC_0014592_downsampled.jpg,Benign keratosis,[0.00105436],[0.00010771],[0.95896304],[0.09772456],[0.00684324],[0.00717675],[0.00223409],[0.23845656]
ISIC_0014593_downsampled.jpg,Benign keratosis,[0.00109894],[0.00013321],[0.9546511],[0.0372107],[0.01791926],[0.01942558],[0.00169138],[0.3856903]
ISIC_0014594_downsampled.jpg,Benign keratosis,[0.0008398],[0.00042805],[0.9716527],[0.03816532],[0.00496302],[0.005635],[0.00183815],[0.431653]
ISIC_0014595_downsampled.jpg,Benign keratosis,[0.00042871],[0.0002169],[0.96441877],[0.02065301],[0.0061461],[0.00628375],[0.00062971],[0.35581574]
ISIC_0014596_downsampled.jpg,Benign keratosis,[0.00029451],[9.898353e-05],[0.98078626],[0.03638924],[0.00407901],[0.00488109],[0.00057039],[0.22999713]
ISIC_0014597_downsampled.jpg,Benign keratosis,[0.00026955],[0.00013631],[0.9708755],[0.01395213],[0.00425883],[0.00423487],[0.00038842],[0.26327172]
ISIC_0014598_downsampled.jpg,Benign keratosis,[0.00043274],[0.00012719],[0.96979564],[0.02897654],[0.0038908],[0.00510945],[0.00062844],[0.23463452]
ISIC_0014599_downsampled.jpg,Benign keratosis,[0.00100593],[0.00011668],[0.9714841],[0.02869491],[0.01339053],[0.01251618],[0.00162736],[0.4207225]
ISIC_0014600_downsampled.jpg,Benign keratosis,[0.00059262],[6.521795e-05],[0.9808472],[0.03799025],[0.00361148],[0.00341271],[0.00066746],[0.18707673]
ISIC_0014601_downsampled.jpg,Benign keratosis,[0.0006881],[0.00017914],[0.98661995],[0.0685885],[0.00574026],[0.00602158],[0.00158822],[0.31876066]
ISIC_0014602_downsampled.jpg,Benign keratosis,[0.00172798],[0.00013279],[0.9780673],[0.11563328],[0.00691589],[0.00748923],[0.00322646],[0.33143613]
ISIC_0014606_downsampled.jpg,Benign keratosis,[0.00043089],[0.00031062],[0.9804832],[0.00808095],[0.0057317],[0.00743027],[0.00085805],[0.45007786]
ISIC_0014607_downsampled.jpg,Benign keratosis,[0.00269556],[0.00013453],[0.96302885],[0.07498636],[0.02161665],[0.02078316],[0.00783894],[0.47054937]
ISIC_0014608_downsampled.jpg,Benign keratosis,[0.00099995],[0.00026866],[0.97616345],[0.06794323],[0.00273575],[0.00261627],[0.00142311],[0.24424173]
ISIC_0014610_downsampled.jpg,Benign keratosis,[0.00073403],[9.231481e-05],[0.9476854],[0.02546675],[0.00539281],[0.00554395],[0.0010811],[0.26367617]
ISIC_0014611_downsampled.jpg,Benign keratosis,[0.00024503],[0.00010999],[0.9835555],[0.01858458],[0.00179589],[0.00189314],[0.00042297],[0.14287777]
ISIC_0014612_downsampled.jpg,Benign keratosis,[0.00129659],[7.8599995e-05],[0.9715119],[0.14715122],[0.0034006],[0.0046504],[0.00208071],[0.10576922]
ISIC_0014615_downsampled.jpg,Benign keratosis,[0.00033765],[0.000102],[0.9746142],[0.00796435],[0.00370057],[0.00297296],[0.00054838],[0.2251178]
ISIC_0014616_downsampled.jpg,Benign keratosis,[0.00246145],[0.0003129],[0.9418247],[0.17558827],[0.01772636],[0.01702941],[0.00368979],[0.5051311]
ISIC_0014618_downsampled.jpg,Benign keratosis,[0.0009425],[9.094703e-05],[0.9477387],[0.04146673],[0.01039222],[0.01060007],[0.0014542],[0.29754975]
ISIC_0014620_downsampled.jpg,Benign keratosis,[0.00098021],[9.375045e-05],[0.9659182],[0.05923172],[0.00414895],[0.00346895],[0.00108566],[0.15416329]
ISIC_0014623_downsampled.jpg,Benign keratosis,[0.00073091],[0.00022453],[0.99220324],[0.05139391],[0.00941396],[0.00683332],[0.00183539],[0.3213213]
ISIC_0014624_downsampled.jpg,Benign keratosis,[0.00101219],[0.00012138],[0.9522887],[0.03182459],[0.01366455],[0.01277664],[0.00187589],[0.35565865]
ISIC_0014625_downsampled.jpg,Benign keratosis,[0.001134],[7.402102e-05],[0.9591013],[0.05163346],[0.00943665],[0.00953101],[0.00233371],[0.31842467]
ISIC_0014626_downsampled.jpg,Benign keratosis,[0.00086527],[6.888205e-05],[0.9713198],[0.10458732],[0.00557722],[0.0064008],[0.00153577],[0.19002922]
ISIC_0014628_downsampled.jpg,Benign keratosis,[0.00077564],[0.00014969],[0.9704688],[0.07789874],[0.00363664],[0.00394291],[0.0014279],[0.21652205]
ISIC_0014629_downsampled.jpg,Benign keratosis,[0.00032016],[0.00020078],[0.9735285],[0.03121201],[0.00557217],[0.00473013],[0.00069266],[0.30090472]
ISIC_0014630_downsampled.jpg,Benign keratosis,[0.0006061],[0.00012311],[0.9586193],[0.05198067],[0.00984342],[0.0088231],[0.00114383],[0.3680391]
ISIC_0014631_downsampled.jpg,Benign keratosis,[0.00077882],[0.00032336],[0.9646797],[0.06669512],[0.00577389],[0.00423168],[0.00142235],[0.39659148]
ISIC_0014632_downsampled.jpg,Benign keratosis,[0.00029908],[0.00013768],[0.97666794],[0.02849003],[0.00193128],[0.00213751],[0.0005464],[0.17036629]
ISIC_0014634_downsampled.jpg,Benign keratosis,[0.00054304],[0.0002104],[0.98013914],[0.02356822],[0.00257403],[0.00340191],[0.00082091],[0.20175417]
ISIC_0014635_downsampled.jpg,Benign keratosis,[0.00091287],[0.00011272],[0.9918637],[0.08868371],[0.00745574],[0.00834827],[0.00156065],[0.3495404]
ISIC_0014636_downsampled.jpg,Benign keratosis,[0.00040323],[6.631476e-05],[0.984522],[0.05660211],[0.0019358],[0.00210918],[0.00066139],[0.10461579]
ISIC_0014637_downsampled.jpg,Benign keratosis,[0.00069402],[0.00038559],[0.98063457],[0.02726606],[0.00841843],[0.00678908],[0.00126536],[0.477964]
ISIC_0014638_downsampled.jpg,Benign keratosis,[0.0010817],[0.00018941],[0.9795197],[0.08993518],[0.00625043],[0.00432074],[0.00199804],[0.27998793]
ISIC_0014639_downsampled.jpg,Benign keratosis,[0.00070378],[9.8779965e-05],[0.9690298],[0.09958231],[0.00447065],[0.00583218],[0.00110621],[0.21117958]
ISIC_0014640_downsampled.jpg,Benign keratosis,[0.0005248],[0.00010909],[0.96107846],[0.03912873],[0.00411292],[0.00521741],[0.00093479],[0.19868761]
ISIC_0014642_downsampled.jpg,Benign keratosis,[0.00024615],[0.00011585],[0.96366984],[0.01807563],[0.00882342],[0.0087383],[0.00068779],[0.30519187]
ISIC_0014643_downsampled.jpg,Benign keratosis,[0.00069012],[5.5091266e-05],[0.9536639],[0.03989791],[0.00709736],[0.00764362],[0.00068483],[0.18171185]
ISIC_0014644_downsampled.jpg,Benign keratosis,[0.001825],[0.00011457],[0.9759142],[0.08574807],[0.00441815],[0.00360786],[0.00235055],[0.17700249]
ISIC_0014646_downsampled.jpg,Benign keratosis,[0.00050952],[0.00016039],[0.9773787],[0.0691959],[0.00145543],[0.00188973],[0.00115911],[0.10605701]
ISIC_0014647_downsampled.jpg,Benign keratosis,[0.00056699],[0.0001088],[0.9866067],[0.05479102],[0.00380769],[0.00309508],[0.00080771],[0.228551]
ISIC_0014648_downsampled.jpg,Benign keratosis,[0.00078323],[0.00021155],[0.98423094],[0.04502332],[0.00349258],[0.00419259],[0.00141908],[0.27777207]
ISIC_0014650_downsampled.jpg,Benign keratosis,[0.00156342],[0.00018799],[0.9570728],[0.07977407],[0.01666435],[0.01532178],[0.00259986],[0.3257043]
ISIC_0014652_downsampled.jpg,Benign keratosis,[0.00075535],[9.457419e-05],[0.9194665],[0.01276872],[0.01262816],[0.01786386],[0.00142841],[0.45958847]
ISIC_0014654_downsampled.jpg,Benign keratosis,[0.00067496],[0.00013866],[0.9829243],[0.04848045],[0.0056486],[0.0087239],[0.00125136],[0.21546596]
ISIC_0014711_downsampled.jpg,Benign keratosis,[0.00046907],[0.0001856],[0.9702363],[0.01335512],[0.01180664],[0.01338989],[0.00083166],[0.45740703]
ISIC_0014712_downsampled.jpg,Benign keratosis,[0.0004879],[0.00021932],[0.98288214],[0.0114625],[0.00562061],[0.00777258],[0.00078155],[0.45934772]
ISIC_0014723_downsampled.jpg,Benign keratosis,[0.00060255],[0.00026299],[0.9796038],[0.03884425],[0.00786186],[0.00871017],[0.00118078],[0.47273698]
ISIC_0014770_downsampled.jpg,Benign keratosis,[0.00064505],[0.00036215],[0.9589394],[0.0086809],[0.02744365],[0.02287893],[0.00134322],[0.74871427]
ISIC_0014793_downsampled.jpg,Benign keratosis,[0.00037159],[0.00024706],[0.97519386],[0.013934],[0.00418614],[0.00523418],[0.00060623],[0.33058292]
ISIC_0014804_downsampled.jpg,Benign keratosis,[0.0010901],[0.00071797],[0.81919456],[0.00987799],[0.06539239],[0.05428229],[0.00259595],[0.84881055]
ISIC_0014806_downsampled.jpg,Benign keratosis,[0.00045168],[0.00011537],[0.9815638],[0.01555038],[0.00476578],[0.00517843],[0.00065541],[0.44177303]
ISIC_0014811_downsampled.jpg,Benign keratosis,[0.00048568],[0.00017284],[0.9910715],[0.0250074],[0.00463229],[0.00490045],[0.00093563],[0.2893846]
ISIC_0014819_downsampled.jpg,Benign keratosis,[0.00421861],[0.00042376],[0.5205741],[0.06742971],[0.25409523],[0.25460815],[0.02169346],[0.9115871]
ISIC_0014823_downsampled.jpg,Benign keratosis,[0.00042584],[0.00037627],[0.9445149],[0.00840053],[0.02131012],[0.01550896],[0.00102808],[0.7440319]
ISIC_0014831_downsampled.jpg,Benign keratosis,[0.00160586],[0.00027812],[0.62778944],[0.01895903],[0.14179847],[0.18122193],[0.00661068],[0.8680428]
ISIC_0015006_downsampled.jpg,Benign keratosis,[0.00065947],[0.00020474],[0.9777029],[0.07268908],[0.00413843],[0.00383619],[0.00084277],[0.23568362]
ISIC_0015032_downsampled.jpg,Benign keratosis,[0.00153967],[0.00060267],[0.8144713],[0.01241845],[0.0744499],[0.07183662],[0.00265344],[0.8026901]
ISIC_0015044_downsampled.jpg,Benign keratosis,[0.00027993],[0.00017521],[0.9833977],[0.01400554],[0.00449034],[0.00365708],[0.00065802],[0.296347]
ISIC_0015062_downsampled.jpg,Benign keratosis,[0.00274898],[0.00027361],[0.9598494],[0.08279892],[0.01321402],[0.01251915],[0.00664217],[0.58857024]
ISIC_0015112_downsampled.jpg,Benign keratosis,[0.00036949],[0.0001137],[0.9905986],[0.01491028],[0.00200598],[0.00190408],[0.00070298],[0.24410841]
ISIC_0015113_downsampled.jpg,Benign keratosis,[0.00079663],[0.00010755],[0.9773666],[0.03172313],[0.00549798],[0.00447629],[0.00131837],[0.38034755]
ISIC_0024318.jpg,Dermatofibroma,[0.01324655],[0.00283572],[0.02923194],[0.91106635],[0.00207849],[0.00318849],[0.05799098],[0.08867992]
ISIC_0024386.jpg,Dermatofibroma,[0.01262816],[0.00346209],[0.03758348],[0.94645],[0.00279655],[0.00339118],[0.0827086],[0.13346013]
ISIC_0024396.jpg,Dermatofibroma,[0.02307845],[0.001668],[0.02276704],[0.9288281],[0.00232002],[0.00272669],[0.07304059],[0.10049178]
ISIC_0024553.jpg,Dermatofibroma,[0.01107892],[0.00252873],[0.02582668],[0.56674314],[0.00141193],[0.00228134],[0.05449526],[0.07947814]
ISIC_0024845.jpg,Dermatofibroma,[0.01070745],[0.00110543],[0.01114526],[0.9291053],[0.00140351],[0.00210066],[0.03627628],[0.05673775]
ISIC_0025223.jpg,Dermatofibroma,[0.02383608],[0.00259404],[0.02858936],[0.9353811],[0.0033311],[0.003926],[0.13469064],[0.10106843]
ISIC_0025302.jpg,Dermatofibroma,[0.08339339],[0.0009277],[0.00366174],[0.80763763],[0.00290427],[0.00440777],[0.22868583],[0.06316526]
ISIC_0025314.jpg,Dermatofibroma,[0.02378793],[0.00772867],[0.04302632],[0.9023287],[0.00395572],[0.005511],[0.12187704],[0.18214805]
ISIC_0025373.jpg,Dermatofibroma,[0.02500156],[0.0011083],[0.02707722],[0.91489226],[0.002003],[0.0026483],[0.07824904],[0.05370469]
ISIC_0025504.jpg,Dermatofibroma,[0.07120536],[0.00064766],[0.00286466],[0.49992704],[0.02180003],[0.02535923],[0.46960416],[0.15690158]
ISIC_0025594.jpg,Dermatofibroma,[0.0259957],[0.00348344],[0.03511787],[0.9183619],[0.00228225],[0.00286635],[0.12603013],[0.08176745]
ISIC_0025622.jpg,Dermatofibroma,[0.03943581],[0.00120662],[0.0116556],[0.875345],[0.00105007],[0.00164178],[0.12061664],[0.06291226]
ISIC_0025668.jpg,Dermatofibroma,[0.01723988],[0.00272558],[0.01507375],[0.8784419],[0.00201703],[0.00279936],[0.06559858],[0.10718603]
ISIC_0025771.jpg,Dermatofibroma,[0.01627862],[0.00282883],[0.02843858],[0.9423133],[0.0021995],[0.00247053],[0.06387348],[0.10880639]
ISIC_0025903.jpg,Dermatofibroma,[0.01385195],[0.00141213],[0.04069524],[0.95672864],[0.00306646],[0.00513187],[0.05808359],[0.09272987]
ISIC_0025911.jpg,Dermatofibroma,[0.02518034],[0.00513482],[0.04148623],[0.93700707],[0.00379309],[0.00534037],[0.1424433],[0.16916326]
ISIC_0025954.jpg,Dermatofibroma,[0.1415342],[0.00047273],[0.00222346],[0.67319804],[0.00087401],[0.00097223],[0.27247155],[0.02253364]
ISIC_0025980.jpg,Dermatofibroma,[0.00849866],[0.00079975],[0.010996],[0.93533945],[0.0027869],[0.00357737],[0.07043898],[0.04652597]
ISIC_0026417.jpg,Dermatofibroma,[0.00762499],[0.00095539],[0.01055476],[0.9224857],[0.00095011],[0.00137506],[0.04009235],[0.03155407]
ISIC_0026471.jpg,Dermatofibroma,[0.01304169],[0.00270134],[0.03111566],[0.9278724],[0.00222386],[0.00366338],[0.0734962],[0.12193069]
ISIC_0026629.jpg,Dermatofibroma,[0.06285923],[0.00052105],[0.00804641],[0.8237632],[0.00255205],[0.00311584],[0.20796938],[0.05854089]
ISIC_0027008.jpg,Dermatofibroma,[0.09423882],[0.00106057],[0.00673707],[0.7765268],[0.00092137],[0.00113242],[0.23031436],[0.0293275]
ISIC_0027044.jpg,Dermatofibroma,[0.0131555],[0.00409032],[0.02697123],[0.9217179],[0.00247027],[0.00331462],[0.0847374],[0.10954782]
ISIC_0027107.jpg,Dermatofibroma,[0.08713583],[0.00043522],[0.00633855],[0.89654416],[0.00257945],[0.00266055],[0.2119261],[0.07684913]
ISIC_0027118.jpg,Dermatofibroma,[0.01912005],[0.00078155],[0.00833573],[0.92509276],[0.0012461],[0.00201793],[0.06886695],[0.04720916]
ISIC_0027141.jpg,Dermatofibroma,[0.01466346],[0.00117128],[0.01378815],[0.8662286],[0.00117867],[0.0012619],[0.07843684],[0.0569813]
ISIC_0027188.jpg,Dermatofibroma,[0.02832505],[0.00084045],[0.01244961],[0.910954],[0.00108766],[0.00159528],[0.08377829],[0.04887459]
ISIC_0027488.jpg,Dermatofibroma,[0.01053381],[0.00300258],[0.0414085],[0.91835994],[0.0020904],[0.00246954],[0.04179196],[0.09699465]
ISIC_0027598.jpg,Dermatofibroma,[0.00881679],[0.00106673],[0.01579894],[0.917685],[0.00100902],[0.00137007],[0.04236587],[0.04821526]
ISIC_0027613.jpg,Dermatofibroma,[0.10038642],[0.00059264],[0.005788],[0.75723743],[0.00078823],[0.0009385],[0.16898283],[0.02335217]
ISIC_0027727.jpg,Dermatofibroma,[0.01712276],[0.00058412],[0.01124015],[0.91363716],[0.00111365],[0.00146624],[0.06177597],[0.03944152]
ISIC_0027745.jpg,Dermatofibroma,[0.01170828],[0.00331813],[0.0248271],[0.9255904],[0.00230468],[0.00296802],[0.08211502],[0.06931973]
ISIC_0027876.jpg,Dermatofibroma,[0.3546026],[0.00065418],[0.00593087],[0.5756852],[0.00572263],[0.00790335],[0.51596165],[0.07234398]
ISIC_0028346.jpg,Dermatofibroma,[0.40507635],[0.00057406],[0.00333881],[0.37042877],[0.00555456],[0.00817187],[0.6673678],[0.0577298]
ISIC_0028651.jpg,Dermatofibroma,[0.01434595],[0.00493395],[0.03495339],[0.87968653],[0.00318386],[0.00406771],[0.09203301],[0.14725342]
ISIC_0028735.jpg,Dermatofibroma,[0.01038945],[0.00051065],[0.01125807],[0.904165],[0.00053629],[0.00085417],[0.0253056],[0.0266149]
ISIC_0028790.jpg,Dermatofibroma,[0.03111077],[0.00245654],[0.03739023],[0.95464796],[0.00257164],[0.00315915],[0.15779409],[0.09110069]
ISIC_0028880.jpg,Dermatofibroma,[0.04601647],[0.00275611],[0.02131768],[0.8843905],[0.00202732],[0.00321611],[0.15501945],[0.10809803]
ISIC_0028926.jpg,Dermatofibroma,[0.08609372],[0.00092755],[0.00655723],[0.72592306],[0.00370285],[0.00371792],[0.33895764],[0.06343331]
ISIC_0029052.jpg,Dermatofibroma,[0.01459178],[0.00399007],[0.06531377],[0.948891],[0.00305584],[0.00321639],[0.11740097],[0.10904609]
ISIC_0029130.jpg,Dermatofibroma,[0.02062953],[0.00381623],[0.05859347],[0.9651715],[0.00548385],[0.00704913],[0.19165698],[0.18326223]
ISIC_0029177.jpg,Dermatofibroma,[0.01723572],[0.00176444],[0.032933],[0.9243365],[0.00161039],[0.0017098],[0.10540488],[0.05867765]
ISIC_0029248.jpg,Dermatofibroma,[0.05565657],[0.00051793],[0.0629799],[0.8965659],[0.0035612],[0.00374732],[0.11082993],[0.18169592]
ISIC_0029783.jpg,Dermatofibroma,[0.18114598],[0.00053214],[0.00275382],[0.6152753],[0.00156049],[0.0021539],[0.43758786],[0.01831687]
ISIC_0029891.jpg,Dermatofibroma,[0.06255642],[0.00044213],[0.0219214],[0.915731],[0.00268944],[0.00481993],[0.14351758],[0.08029962]
ISIC_0029962.jpg,Dermatofibroma,[0.07847837],[0.00112682],[0.01315866],[0.85204273],[0.00809134],[0.0092979],[0.3661506],[0.07284766]
ISIC_0029973.jpg,Dermatofibroma,[0.02173986],[0.00564651],[0.05381056],[0.91828984],[0.00388377],[0.00544464],[0.11474002],[0.17912896]
ISIC_0030011.jpg,Dermatofibroma,[0.03983126],[0.00089637],[0.01155491],[0.9365925],[0.00238701],[0.00321869],[0.15464096],[0.07185925]
ISIC_0030015.jpg,Dermatofibroma,[0.00889536],[0.0007683],[0.00871687],[0.9022073],[0.00065141],[0.00090227],[0.0351752],[0.02788624]
ISIC_0030021.jpg,Dermatofibroma,[0.0154541],[0.00171031],[0.00995186],[0.9350516],[0.00238828],[0.00331486],[0.06703201],[0.07784104]
ISIC_0030244.jpg,Dermatofibroma,[0.04077946],[0.00305166],[0.01322865],[0.8904379],[0.00270073],[0.00392474],[0.13725543],[0.06642829]
ISIC_0030321.jpg,Dermatofibroma,[0.1315539],[0.00057993],[0.08126402],[0.904517],[0.01155996],[0.012621],[0.24153486],[0.18629877]
ISIC_0030579.jpg,Dermatofibroma,[0.02051269],[0.00237496],[0.01236237],[0.8753971],[0.00147605],[0.00189458],[0.1330843],[0.04637395]
ISIC_0030665.jpg,Dermatofibroma,[0.01358278],[0.00500361],[0.04407415],[0.9102771],[0.0024511],[0.00395936],[0.10790964],[0.1195161]
ISIC_0030757.jpg,Dermatofibroma,[0.106209],[0.00070964],[0.01295157],[0.8075319],[0.00299948],[0.00322817],[0.29852805],[0.04351982]
ISIC_0030830.jpg,Dermatofibroma,[0.01348882],[0.00118511],[0.01563121],[0.91491514],[0.00119957],[0.00195138],[0.09775893],[0.03788365]
ISIC_0030870.jpg,Dermatofibroma,[0.01028283],[0.00206587],[0.02270632],[0.92991585],[0.00149698],[0.0024642],[0.07104052],[0.08383161]
ISIC_0031002.jpg,Dermatofibroma,[0.02217936],[0.0011312],[0.01370336],[0.9338192],[0.00103545],[0.00174507],[0.06118166],[0.05238914]
ISIC_0031123.jpg,Dermatofibroma,[0.02212885],[0.00145977],[0.02635158],[0.9276568],[0.00158144],[0.00233438],[0.05147854],[0.0798454]
ISIC_0031257.jpg,Dermatofibroma,[0.01384159],[0.00245313],[0.02562653],[0.9321406],[0.00162849],[0.00248982],[0.06077454],[0.07129461]
ISIC_0031271.jpg,Dermatofibroma,[0.01364816],[0.00355971],[0.03890377],[0.91998124],[0.00180997],[0.00293616],[0.0750358],[0.1272275]
ISIC_0031309.jpg,Dermatofibroma,[0.01750833],[0.00114126],[0.01320053],[0.91450727],[0.00078006],[0.00133653],[0.05106627],[0.04919962]
ISIC_0031344.jpg,Dermatofibroma,[0.6555842],[0.00059604],[0.00149706],[0.15443107],[0.0029915],[0.00485219],[0.7338685],[0.02812567]
ISIC_0031358.jpg,Dermatofibroma,[0.04698167],[0.00061876],[0.04066642],[0.9038842],[0.00258632],[0.00261921],[0.1337986],[0.04468087]
ISIC_0031372.jpg,Dermatofibroma,[0.04641337],[0.00176632],[0.0127574],[0.907035],[0.00140266],[0.00208275],[0.12718815],[0.06599301]
ISIC_0031429.jpg,Dermatofibroma,[0.01931201],[0.00082645],[0.02485349],[0.9514037],[0.00167411],[0.00237442],[0.07429834],[0.08073912]
ISIC_0031735.jpg,Dermatofibroma,[0.14051016],[0.00066536],[0.00511675],[0.80574477],[0.00144537],[0.00174548],[0.24461861],[0.02425899]
ISIC_0031799.jpg,Dermatofibroma,[0.012972],[0.00229857],[0.02656385],[0.9421837],[0.00181657],[0.00269458],[0.08314884],[0.07609605]
ISIC_0031827.jpg,Dermatofibroma,[0.02017975],[0.00247333],[0.0198534],[0.92412055],[0.00194823],[0.00373094],[0.07777272],[0.0824713]
ISIC_0032114.jpg,Dermatofibroma,[0.21434541],[0.00099298],[0.0060997],[0.5541989],[0.0219376],[0.02773272],[0.6637122],[0.24703997]
ISIC_0032138.jpg,Dermatofibroma,[0.02078809],[0.0016177],[0.01063084],[0.87489456],[0.0012029],[0.00146532],[0.10540381],[0.04759062]
ISIC_0032247.jpg,Dermatofibroma,[0.02088299],[0.00059675],[0.01809243],[0.92373437],[0.00090955],[0.00169941],[0.0691651],[0.04612168]
ISIC_0032410.jpg,Dermatofibroma,[0.09099695],[0.00283926],[0.01285103],[0.93125093],[0.00280236],[0.0033621],[0.29282823],[0.09225117]
ISIC_0032468.jpg,Dermatofibroma,[0.02343748],[0.00099711],[0.00847323],[0.9016029],[0.00103991],[0.00114135],[0.08026783],[0.03379849]
ISIC_0032613.jpg,Dermatofibroma,[0.03649722],[0.00402669],[0.02270126],[0.952442],[0.0087912],[0.01369236],[0.23276685],[0.12509157]
ISIC_0032941.jpg,Dermatofibroma,[0.02194616],[0.00116195],[0.01140128],[0.9196297],[0.0012297],[0.0013166],[0.07427359],[0.0460534]
ISIC_0033005.jpg,Dermatofibroma,[0.02110777],[0.00714824],[0.0370037],[0.94095117],[0.00367312],[0.00424353],[0.10386243],[0.20843221]
ISIC_0033256.jpg,Dermatofibroma,[0.02707812],[0.00346524],[0.02062753],[0.9451947],[0.00715862],[0.01116765],[0.17363146],[0.11316162]
ISIC_0033422.jpg,Dermatofibroma,[0.01589784],[0.00123728],[0.01838235],[0.94718176],[0.00175825],[0.00210575],[0.05623042],[0.06510557]
ISIC_0033554.jpg,Dermatofibroma,[0.01072955],[0.00146693],[0.01200124],[0.9523798],[0.00142364],[0.00182889],[0.05714753],[0.05326747]
ISIC_0000000.jpg,Melanocytic nevus,[0.00242558],[0.00258618],[0.00441233],[0.0023518],[0.9128422],[0.90750474],[0.01272072],[0.75677514]
ISIC_0000003.jpg,Melanocytic nevus,[0.00250941],[0.00283342],[0.00264784],[0.00141193],[0.56674314],[0.89858615],[0.00998259],[0.64731365]
ISIC_0000006.jpg,Melanocytic nevus,[0.00247086],[0.00207245],[0.00336863],[0.00385057],[0.94194996],[0.9333543],[0.00941717],[0.7038012]
ISIC_0000007.jpg,Melanocytic nevus,[0.00229455],[0.00151838],[0.00368838],[0.00420219],[0.92637694],[0.9255449],[0.00967672],[0.7036581]
ISIC_0000008.jpg,Melanocytic nevus,[0.00197551],[0.00395204],[0.00216476],[0.00176886],[0.9081988],[0.9077242],[0.01207404],[0.66840065]
ISIC_0000009.jpg,Melanocytic nevus,[0.00172417],[0.00283946],[0.00210966],[0.00222335],[0.9125396],[0.86144984],[0.01083309],[0.6765712]
ISIC_0000010.jpg,Melanocytic nevus,[0.00323859],[0.00240343],[0.00247669],[0.00344677],[0.8997531],[0.91188157],[0.01071938],[0.8076389]
ISIC_0000011.jpg,Melanocytic nevus,[0.0031439],[0.00188118],[0.00286733],[0.00365358],[0.90527034],[0.9103061],[0.01522466],[0.7132765]
ISIC_0000012.jpg,Melanocytic nevus,[0.00214791],[0.00254078],[0.00205736],[0.00307847],[0.9080864],[0.92617464],[0.01159045],[0.64561206]
ISIC_0000014.jpg,Melanocytic nevus,[0.00234542],[0.00204819],[0.0020683],[0.00307365],[0.9082983],[0.92700416],[0.0124697],[0.6121269]
ISIC_0000018_downsampled.jpg,Melanocytic nevus,[0.0046144],[0.00175599],[0.0016707],[0.00266761],[0.857866],[0.9179327],[0.01903121],[0.6104685]
ISIC_0000021_downsampled.jpg,Melanocytic nevus,[0.00406349],[0.0015601],[0.00198284],[0.00341685],[0.88691396],[0.92793924],[0.02149462],[0.55549765]
ISIC_0000023_downsampled.jpg,Melanocytic nevus,[0.00310343],[0.0026113],[0.00194864],[0.00267789],[0.8802673],[0.9150857],[0.01040601],[0.64100987]
ISIC_0000024_downsampled.jpg,Melanocytic nevus,[0.01042023],[0.0094075],[0.00734966],[0.02571214],[0.8743553],[0.92028093],[0.05502636],[0.7272576]
ISIC_0000027_downsampled.jpg,Melanocytic nevus,[0.00129976],[0.00227666],[0.00210306],[0.00142034],[0.9167603],[0.92815775],[0.00490752],[0.6318267]
ISIC_0000028_downsampled.jpg,Melanocytic nevus,[0.00305383],[0.00189181],[0.00191299],[0.00266485],[0.89619297],[0.90024364],[0.01312925],[0.63543785]
ISIC_0000037_downsampled.jpg,Melanocytic nevus,[0.00304935],[0.0025858],[0.0035002],[0.00337627],[0.8439231],[0.8861093],[0.01749899],[0.69181913]
ISIC_0000039_downsampled.jpg,Melanocytic nevus,[0.00289373],[0.00260948],[0.00264959],[0.003088],[0.89661014],[0.88133156],[0.01162351],[0.6786389]
ISIC_0000041_downsampled.jpg,Melanocytic nevus,[0.00385084],[0.00186012],[0.03227744],[0.01049072],[0.8768071],[0.87237626],[0.01618763],[0.86010575]
ISIC_0000042_downsampled.jpg,Melanocytic nevus,[0.00508377],[0.00251504],[0.0028239],[0.00691913],[0.8751483],[0.9261334],[0.02995159],[0.6546176]
ISIC_0000044_downsampled.jpg,Melanocytic nevus,[0.00294671],[0.00507078],[0.00372572],[0.00159188],[0.9150924],[0.9088471],[0.01540809],[0.7856674]
ISIC_0000047_downsampled.jpg,Melanocytic nevus,[0.00362116],[0.00176479],[0.00207925],[0.00420255],[0.9060555],[0.9242523],[0.01415509],[0.61327034]
ISIC_0000048_downsampled.jpg,Melanocytic nevus,[0.00212491],[0.00172021],[0.00198524],[0.0021845],[0.91092634],[0.9157028],[0.00686456],[0.7123703]
ISIC_0000050_downsampled.jpg,Melanocytic nevus,[0.005397],[0.00225983],[0.00205556],[0.00548502],[0.86816293],[0.91276354],[0.03512553],[0.609861]
ISIC_0000051_downsampled.jpg,Melanocytic nevus,[0.00770511],[0.00177062],[0.00200132],[0.00697142],[0.81736404],[0.90159255],[0.03035783],[0.5664324]
ISIC_0000052_downsampled.jpg,Melanocytic nevus,[0.0034644],[0.00636298],[0.00366021],[0.0019423],[0.9123431],[0.9108622],[0.02478711],[0.68852437]
ISIC_0000053_downsampled.jpg,Melanocytic nevus,[0.0019489],[0.00232953],[0.00254323],[0.00140526],[0.9091576],[0.9073592],[0.0096438],[0.59611636]
ISIC_0000055_downsampled.jpg,Melanocytic nevus,[0.00378042],[0.00315203],[0.00241114],[0.00176728],[0.876242],[0.93319994],[0.01092663],[0.6792059]
ISIC_0000059_downsampled.jpg,Melanocytic nevus,[0.00208043],[0.00171949],[0.00196323],[0.00185426],[0.8628651],[0.8906927],[0.00915977],[0.60352236]
ISIC_0000060_downsampled.jpg,Melanocytic nevus,[0.00170853],[0.00247766],[0.00319138],[0.00260979],[0.9288493],[0.9091839],[0.00983467],[0.721052]
ISIC_0000061_downsampled.jpg,Melanocytic nevus,[0.0033327],[0.00184735],[0.00316276],[0.00207608],[0.8701529],[0.8705102],[0.01077234],[0.6641312]
ISIC_0000063_downsampled.jpg,Melanocytic nevus,[0.0038837],[0.00233716],[0.00159861],[0.00220116],[0.84478587],[0.87528664],[0.01955178],[0.5810883]
ISIC_0000064_downsampled.jpg,Melanocytic nevus,[0.00227929],[0.00457314],[0.00192154],[0.00157594],[0.8970442],[0.89777476],[0.01091331],[0.7257927]
ISIC_0000066.jpg,Melanocytic nevus,[0.00424961],[0.00527292],[0.00503216],[0.0023474],[0.89500374],[0.9054615],[0.02310567],[0.77726996]
ISIC_0000067.jpg,Melanocytic nevus,[0.0052449],[0.00179117],[0.00332764],[0.0037525],[0.90706295],[0.91922486],[0.0296799],[0.64141244]
ISIC_0000068.jpg,Melanocytic nevus,[0.00278944],[0.00397335],[0.00203249],[0.00209189],[0.9014733],[0.8969891],[0.01333962],[0.72343236]
ISIC_0000069.jpg,Melanocytic nevus,[0.00262437],[0.0012723],[0.0017086],[0.00303046],[0.9150998],[0.935986],[0.00978495],[0.62275285]
ISIC_0000072.jpg,Melanocytic nevus,[0.01169569],[0.00114333],[0.00525339],[0.00884911],[0.88986367],[0.90413445],[0.0409098],[0.81276]
ISIC_0000073.jpg,Melanocytic nevus,[0.00256069],[0.00445332],[0.00312312],[0.00285331],[0.92240596],[0.8959796],[0.01721],[0.7240346]
ISIC_0000079_downsampled.jpg,Melanocytic nevus,[0.01140931],[0.00180663],[0.00492906],[0.01672317],[0.8906424],[0.90819967],[0.06615309],[0.7719325]
ISIC_0000081_downsampled.jpg,Melanocytic nevus,[0.00384118],[0.00252001],[0.00354725],[0.00629198],[0.9304179],[0.93638563],[0.01923772],[0.78705406]
ISIC_0000082_downsampled.jpg,Melanocytic nevus,[0.00208706],[0.0036871],[0.00160653],[0.00137303],[0.8595917],[0.8723816],[0.00767227],[0.63776004]
ISIC_0000085_downsampled.jpg,Melanocytic nevus,[0.00416114],[0.00188107],[0.00159226],[0.00425648],[0.9067408],[0.92268044],[0.01679498],[0.70991206]
ISIC_0000086_downsampled.jpg,Melanocytic nevus,[0.00236634],[0.00374444],[0.00182629],[0.00268737],[0.8863605],[0.90235054],[0.01066016],[0.6304794]
ISIC_0000087_downsampled.jpg,Melanocytic nevus,[0.00404507],[0.00529045],[0.00508932],[0.00621895],[0.93404585],[0.9164472],[0.01920103],[0.70916414]
ISIC_0000088_downsampled.jpg,Melanocytic nevus,[0.00269947],[0.00423961],[0.00142934],[0.00203304],[0.8962284],[0.9134513],[0.01093219],[0.644028]
ISIC_0000089_downsampled.jpg,Melanocytic nevus,[0.00274004],[0.0039388],[0.00180055],[0.0016038],[0.86730975],[0.8853819],[0.01201789],[0.6756595]
ISIC_0000091_downsampled.jpg,Melanocytic nevus,[0.0083091],[0.00304031],[0.00970119],[0.02604711],[0.92920744],[0.9518305],[0.03660906],[0.7971944]
ISIC_0000092_downsampled.jpg,Melanocytic nevus,[0.00206381],[0.00425446],[0.00177571],[0.00425463],[0.9201945],[0.9250127],[0.01259981],[0.6740913]
ISIC_0000094_downsampled.jpg,Melanocytic nevus,[0.0022356],[0.00268615],[0.00440531],[0.00400254],[0.91740876],[0.9268038],[0.00933488],[0.8623408]
ISIC_0000095_downsampled.jpg,Melanocytic nevus,[0.00278487],[0.00276085],[0.00446755],[0.00445861],[0.89903474],[0.90922207],[0.01030626],[0.7817545]
ISIC_0000096_downsampled.jpg,Melanocytic nevus,[0.01106337],[0.00486479],[0.00799277],[0.03184906],[0.84564453],[0.8930582],[0.06651579],[0.7770781]
ISIC_0000098_downsampled.jpg,Melanocytic nevus,[0.00279212],[0.00262214],[0.00282353],[0.00511559],[0.9196461],[0.93439204],[0.01099987],[0.7616019]
ISIC_0000099_downsampled.jpg,Melanocytic nevus,[0.00275956],[0.00831351],[0.00608176],[0.0031061],[0.9133964],[0.8525587],[0.0100012],[0.79632175]
ISIC_0000100_downsampled.jpg,Melanocytic nevus,[0.00227947],[0.00445917],[0.00787154],[0.00282465],[0.88734406],[0.8886905],[0.00990676],[0.7915777]
ISIC_0000102_downsampled.jpg,Melanocytic nevus,[0.00363013],[0.00155395],[0.03360553],[0.0069248],[0.7817418],[0.7758537],[0.01517273],[0.934803]
ISIC_0000103_downsampled.jpg,Melanocytic nevus,[0.00342348],[0.0053338],[0.00359798],[0.00248623],[0.9151948],[0.91206455],[0.01683649],[0.77324444]
ISIC_0000104_downsampled.jpg,Melanocytic nevus,[0.00208593],[0.00524841],[0.00764641],[0.00291353],[0.89508915],[0.842306],[0.00794619],[0.7888233]
ISIC_0000105_downsampled.jpg,Melanocytic nevus,[0.0033202],[0.00345981],[0.00321604],[0.00591904],[0.92622894],[0.9365521],[0.01596651],[0.7923405]
ISIC_0000107_downsampled.jpg,Melanocytic nevus,[0.00314243],[0.00310101],[0.00429924],[0.00441022],[0.89951944],[0.9270797],[0.01198165],[0.8257337]
ISIC_0000108_downsampled.jpg,Melanocytic nevus,[0.001739],[0.00320153],[0.00169414],[0.00186209],[0.8895891],[0.9064284],[0.0070146],[0.7188562]
ISIC_0000109_downsampled.jpg,Melanocytic nevus,[0.00840444],[0.00069547],[0.00344267],[0.00562053],[0.8904615],[0.9012072],[0.05371602],[0.67500967]
ISIC_0000110_downsampled.jpg,Melanocytic nevus,[0.00385887],[0.00338588],[0.00369162],[0.0119982],[0.90176773],[0.93277293],[0.02192339],[0.781144]
ISIC_0000111_downsampled.jpg,Melanocytic nevus,[0.00232279],[0.0062238],[0.00331802],[0.00198933],[0.8752492],[0.9001604],[0.01214956],[0.7692905]
ISIC_0000112_downsampled.jpg,Melanocytic nevus,[0.00184274],[0.00269083],[0.00094987],[0.00157048],[0.86000425],[0.9255488],[0.00629786],[0.58802414]
ISIC_0000116_downsampled.jpg,Melanocytic nevus,[0.00717602],[0.00152293],[0.00202891],[0.00408339],[0.8723096],[0.89903754],[0.02989342],[0.6131879]
ISIC_0000117_downsampled.jpg,Melanocytic nevus,[0.00259281],[0.00348969],[0.00137476],[0.00237953],[0.86748683],[0.9196379],[0.00970708],[0.67464507]
ISIC_0000119_downsampled.jpg,Melanocytic nevus,[0.00382298],[0.00253146],[0.00299021],[0.00218499],[0.9198548],[0.9235331],[0.00894633],[0.7473237]
ISIC_0000120_downsampled.jpg,Melanocytic nevus,[0.00229936],[0.00775143],[0.00441417],[0.00197764],[0.9001447],[0.8959677],[0.01329739],[0.79150534]
ISIC_0000121_downsampled.jpg,Melanocytic nevus,[0.00312849],[0.07190286],[0.00593986],[0.00661301],[0.9194016],[0.8938983],[0.02076878],[0.85726345]
ISIC_0000122_downsampled.jpg,Melanocytic nevus,[0.00214585],[0.0051407],[0.00191843],[0.00175551],[0.8701483],[0.9011346],[0.0103844],[0.648595]
ISIC_0000126_downsampled.jpg,Melanocytic nevus,[0.0048632],[0.0053758],[0.00355738],[0.00561603],[0.93466616],[0.9308509],[0.02680587],[0.74141175]
ISIC_0000127_downsampled.jpg,Melanocytic nevus,[0.00226508],[0.005463],[0.00413867],[0.00301438],[0.91674346],[0.91808057],[0.01375506],[0.7665389]
ISIC_0000129_downsampled.jpg,Melanocytic nevus,[0.00279516],[0.00370554],[0.00219704],[0.00280794],[0.8950697],[0.9191911],[0.01007254],[0.7357416]
ISIC_0000130_downsampled.jpg,Melanocytic nevus,[0.00179879],[0.00412924],[0.00161919],[0.00126329],[0.86257994],[0.86273587],[0.00834012],[0.6586812]
ISIC_0000131_downsampled.jpg,Melanocytic nevus,[0.00621711],[0.00340159],[0.22301245],[0.04404633],[0.7606372],[0.8080053],[0.03264716],[0.8791265]
ISIC_0000132_downsampled.jpg,Melanocytic nevus,[0.00171304],[0.00323939],[0.00178628],[0.0018553],[0.9176599],[0.93350196],[0.00612355],[0.74237925]
ISIC_0000133_downsampled.jpg,Melanocytic nevus,[0.00741746],[0.00131469],[0.00493829],[0.0108758],[0.8680524],[0.89526975],[0.04138608],[0.75474364]
ISIC_0000134_downsampled.jpg,Melanocytic nevus,[0.00206929],[0.00263612],[0.00166739],[0.0029204],[0.87933946],[0.8971091],[0.00778772],[0.7037495]
ISIC_0000136_downsampled.jpg,Melanocytic nevus,[0.00558045],[0.00495656],[0.00559207],[0.00218888],[0.9204442],[0.9121167],[0.02373509],[0.78899354]
ISIC_0000002.jpg,Melanoma,[0.00261909],[0.00299262],[0.00207447],[0.0025125],[0.9294663],[0.9117385],[0.01618678],[0.69395894]
ISIC_0000004.jpg,Melanoma,[0.01118368],[0.04061655],[0.01008926],[0.04920828],[0.86395025],[0.8877424],[0.12154243],[0.85432196]
ISIC_0000013.jpg,Melanoma,[0.00320723],[0.00277753],[0.00312619],[0.00228134],[0.89858615],[0.56674314],[0.01436535],[0.67844063]
ISIC_0000026_downsampled.jpg,Melanoma,[0.01273662],[0.00218943],[0.00454074],[0.03238855],[0.74399465],[0.78160256],[0.11889662],[0.54605436]
ISIC_0000029_downsampled.jpg,Melanoma,[0.00302047],[0.00476203],[0.00334055],[0.00147151],[0.8974458],[0.8682233],[0.01663941],[0.73193914]
ISIC_0000030_downsampled.jpg,Melanoma,[0.01369705],[0.00479836],[0.01397484],[0.0260332],[0.8498919],[0.86100346],[0.14753509],[0.80065256]
ISIC_0000031_downsampled.jpg,Melanoma,[0.00505212],[0.00348849],[0.00523251],[0.0040359],[0.9337828],[0.9044877],[0.0393564],[0.73143464]
ISIC_0000035_downsampled.jpg,Melanoma,[0.0023648],[0.00313097],[0.00600225],[0.00256983],[0.9175802],[0.89347535],[0.01362498],[0.78119874]
ISIC_0000036_downsampled.jpg,Melanoma,[0.00399226],[0.00493276],[0.00555833],[0.0034493],[0.93767905],[0.9166662],[0.03093789],[0.78094375]
ISIC_0000040_downsampled.jpg,Melanoma,[0.00567041],[0.00196551],[0.03839818],[0.03846391],[0.8789472],[0.89716953],[0.03978462],[0.87093544]
ISIC_0000054_downsampled.jpg,Melanoma,[0.00203869],[0.00155893],[0.00152104],[0.00206181],[0.91474175],[0.9111488],[0.0091387],[0.6585082]
ISIC_0000078_downsampled.jpg,Melanoma,[0.00257991],[0.00181923],[0.00711527],[0.00454858],[0.8987389],[0.88892365],[0.01055337],[0.8641678]
ISIC_0000139_downsampled.jpg,Melanoma,[0.01065292],[0.00166907],[0.00309449],[0.02814335],[0.8329889],[0.88873225],[0.05650647],[0.67783827]
ISIC_0000141_downsampled.jpg,Melanoma,[0.00415365],[0.00293469],[0.00139924],[0.00327899],[0.88001776],[0.9167196],[0.01515284],[0.6395156]
ISIC_0000142_downsampled.jpg,Melanoma,[0.00618959],[0.00210788],[0.00683451],[0.00400499],[0.888453],[0.8367355],[0.01703377],[0.7941515]
ISIC_0000143_downsampled.jpg,Melanoma,[0.00229099],[0.00141709],[0.00253738],[0.00289539],[0.9232821],[0.9155448],[0.00992063],[0.76785874]
ISIC_0000145_downsampled.jpg,Melanoma,[0.0033991],[0.00652908],[0.00180605],[0.0027397],[0.8632478],[0.8782974],[0.01641402],[0.6241863]
ISIC_0000146_downsampled.jpg,Melanoma,[0.00579878],[0.01159743],[0.01248928],[0.0102032],[0.89665496],[0.9173828],[0.03909165],[0.7603365]
ISIC_0000147_downsampled.jpg,Melanoma,[0.00603452],[0.00878132],[0.03709301],[0.00955731],[0.9087833],[0.8981369],[0.02841899],[0.8922069]
ISIC_0000148_downsampled.jpg,Melanoma,[0.01870517],[0.00100278],[0.00746721],[0.02201052],[0.79230326],[0.84701884],[0.06721422],[0.7709146]
ISIC_0000149_downsampled.jpg,Melanoma,[0.00770212],[0.00223605],[0.00438375],[0.00612137],[0.8455047],[0.8931002],[0.03244897],[0.64422023]
ISIC_0000150_downsampled.jpg,Melanoma,[0.0049852],[0.00260125],[0.00297786],[0.00247808],[0.8849902],[0.92044497],[0.01924498],[0.7626969]
ISIC_0000151_downsampled.jpg,Melanoma,[0.00266397],[0.00344858],[0.00191372],[0.00296998],[0.89464074],[0.92312735],[0.0120108],[0.6445337]
ISIC_0000153_downsampled.jpg,Melanoma,[0.00644479],[0.00146676],[0.01235159],[0.0147893],[0.9023266],[0.90958524],[0.03612627],[0.8377034]
ISIC_0000154_downsampled.jpg,Melanoma,[0.01070136],[0.00169429],[0.00401615],[0.00640892],[0.90258276],[0.91160387],[0.04031168],[0.64630985]
ISIC_0000155_downsampled.jpg,Melanoma,[0.00714981],[0.00387819],[0.00959346],[0.00318502],[0.89915603],[0.8860604],[0.02411998],[0.8134078]
ISIC_0000156_downsampled.jpg,Melanoma,[0.00636333],[0.00952661],[0.00636312],[0.00448894],[0.89851964],[0.92287093],[0.02564232],[0.79192835]
ISIC_0000157.jpg,Melanoma,[0.0062003],[0.00182819],[0.01073095],[0.00293832],[0.8726473],[0.84327567],[0.01633051],[0.8270866]
ISIC_0000159.jpg,Melanoma,[0.00364329],[0.00138729],[0.0483027],[0.00363726],[0.65430605],[0.6503517],[0.00821786],[0.9095551]
ISIC_0000160.jpg,Melanoma,[0.00413281],[0.00195774],[0.0055683],[0.00372508],[0.91247934],[0.8697635],[0.02313302],[0.82179135]
ISIC_0000161.jpg,Melanoma,[0.00518754],[0.00239046],[0.01786723],[0.00519136],[0.8069552],[0.79377854],[0.0224038],[0.8504239]
ISIC_0000162.jpg,Melanoma,[0.02503485],[0.00194007],[0.00436387],[0.01754653],[0.8286315],[0.8269384],[0.1798502],[0.6765369]
ISIC_0000163.jpg,Melanoma,[0.00546209],[0.00194816],[0.00966777],[0.00625037],[0.8881345],[0.8534893],[0.02307397],[0.7888952]
ISIC_0000164.jpg,Melanoma,[0.02203225],[0.00081846],[0.01567631],[0.01528919],[0.77393943],[0.79652524],[0.06512026],[0.8551347]
ISIC_0000165.jpg,Melanoma,[0.03063033],[0.00152404],[0.02732871],[0.02729694],[0.6296647],[0.7188839],[0.09968302],[0.799645]
ISIC_0000167.jpg,Melanoma,[0.00943252],[0.00241579],[0.00983133],[0.00923248],[0.810885],[0.8857315],[0.03543101],[0.8395538]
ISIC_0000169.jpg,Melanoma,[0.00602142],[0.00195925],[0.00503018],[0.00499037],[0.8824735],[0.9239576],[0.02609436],[0.7534943]
ISIC_0000171.jpg,Melanoma,[0.00289283],[0.00215087],[0.00326023],[0.0023654],[0.88973826],[0.91879565],[0.01385294],[0.6863863]
ISIC_0000173.jpg,Melanoma,[0.00424852],[0.00493069],[0.0126204],[0.00379434],[0.9062922],[0.87065744],[0.02325378],[0.83263767]
ISIC_0000174.jpg,Melanoma,[0.02576949],[0.00105072],[0.01098052],[0.0101953],[0.76707685],[0.7273271],[0.08439827],[0.78014266]
ISIC_0000176_downsampled.jpg,Melanoma,[0.00431691],[0.00229829],[0.00169254],[0.00605794],[0.8093225],[0.898959],[0.01825184],[0.50210667]
ISIC_0000276.jpg,Melanoma,[0.0054892],[0.00439897],[0.0059135],[0.0070384],[0.93729997],[0.9445051],[0.03731608],[0.82500803]
ISIC_0000277.jpg,Melanoma,[0.00736686],[0.00234236],[0.00340961],[0.00567842],[0.9298083],[0.94031423],[0.03442317],[0.75069594]
ISIC_0000278.jpg,Melanoma,[0.02824665],[0.00197225],[0.03243222],[0.0172777],[0.81253475],[0.8477558],[0.08510606],[0.8234994]
ISIC_0000281.jpg,Melanoma,[0.00597026],[0.00311717],[0.00393195],[0.00505798],[0.93028337],[0.92284507],[0.03260467],[0.818618]
ISIC_0000282.jpg,Melanoma,[0.00920346],[0.00164314],[0.00616807],[0.00706206],[0.86963093],[0.88417614],[0.04347393],[0.7855234]
ISIC_0000285.jpg,Melanoma,[0.00279431],[0.00171467],[0.00661453],[0.00420467],[0.8976664],[0.909539],[0.01389812],[0.76992077]
ISIC_0000287.jpg,Melanoma,[0.00623142],[0.00326717],[0.00284494],[0.00482607],[0.9019912],[0.9199282],[0.04029024],[0.71703774]
ISIC_0000288.jpg,Melanoma,[0.00619061],[0.00275382],[0.01665859],[0.00239488],[0.89637196],[0.8752777],[0.0242738],[0.87580633]
ISIC_0000289.jpg,Melanoma,[0.00464042],[0.00288158],[0.01640166],[0.00244631],[0.88386154],[0.86020386],[0.02006932],[0.87392414]
ISIC_0000290.jpg,Melanoma,[0.00801928],[0.00299058],[0.01049542],[0.00711427],[0.9121951],[0.9070904],[0.03792105],[0.83139884]
ISIC_0000292.jpg,Melanoma,[0.00456384],[0.00149244],[0.01139668],[0.00339602],[0.86184126],[0.865604],[0.02264705],[0.81864125]
ISIC_0000293.jpg,Melanoma,[0.00881609],[0.00225111],[0.00611365],[0.00570312],[0.88321644],[0.9072867],[0.05209951],[0.7483516]
ISIC_0000294.jpg,Melanoma,[0.01260828],[0.0014981],[0.00326627],[0.01071187],[0.8396494],[0.894086],[0.0887651],[0.610826]
ISIC_0000295.jpg,Melanoma,[0.0038993],[0.00702684],[0.01390748],[0.00371417],[0.88512045],[0.88285685],[0.01971027],[0.9022038]
ISIC_0000297.jpg,Melanoma,[0.0023108],[0.0017593],[0.01999832],[0.00707727],[0.7190689],[0.78871775],[0.00682248],[0.81207246]
ISIC_0000299.jpg,Melanoma,[0.00176239],[0.00043175],[0.60878056],[0.00366939],[0.14048934],[0.1612375],[0.00253297],[0.80797136]
ISIC_0000300.jpg,Melanoma,[0.00297997],[0.0025445],[0.00282001],[0.00266009],[0.9196242],[0.9254568],[0.01549071],[0.7311864]
ISIC_0000301.jpg,Melanoma,[0.00574248],[0.00479204],[0.02566048],[0.01026311],[0.9124719],[0.889641],[0.03026614],[0.9217822]
ISIC_0000303.jpg,Melanoma,[0.00266886],[0.00215046],[0.11196964],[0.00540258],[0.5213577],[0.5429481],[0.00673051],[0.9123548]
ISIC_0000306.jpg,Melanoma,[0.00434617],[0.00366392],[0.00955087],[0.00949045],[0.9052373],[0.90848744],[0.01720775],[0.92156166]
ISIC_0000307.jpg,Melanoma,[0.00615744],[0.00216672],[0.00848607],[0.00952162],[0.9217734],[0.9314144],[0.03413377],[0.9241597]
ISIC_0000311.jpg,Melanoma,[0.00952042],[0.00156271],[0.12361608],[0.01634562],[0.7368611],[0.74504876],[0.04143858],[0.9060218]
ISIC_0000314.jpg,Melanoma,[0.00349796],[0.00127498],[0.00425088],[0.00371705],[0.86002165],[0.8643819],[0.01486473],[0.73643506]
ISIC_0000390_downsampled.jpg,Melanoma,[0.01046561],[0.00106539],[0.00187216],[0.0045876],[0.77850986],[0.82234985],[0.04841424],[0.59697235]
ISIC_0000393_downsampled.jpg,Melanoma,[0.01177542],[0.00104134],[0.00278299],[0.00456561],[0.76915175],[0.8429442],[0.06181668],[0.5341845]
ISIC_0000395_downsampled.jpg,Melanoma,[0.00989008],[0.00114234],[0.00441551],[0.00463124],[0.90506124],[0.89417684],[0.05333301],[0.6402412]
ISIC_0000410_downsampled.jpg,Melanoma,[0.02121055],[0.00096315],[0.01148415],[0.06047938],[0.7668215],[0.8298227],[0.09495313],[0.8334579]
ISIC_0000412_downsampled.jpg,Melanoma,[0.01854308],[0.00092265],[0.00189194],[0.01017539],[0.79881495],[0.86051285],[0.11911473],[0.51621586]
ISIC_0000413_downsampled.jpg,Melanoma,[0.01198677],[0.00069125],[0.00322693],[0.00682422],[0.8417391],[0.8601084],[0.07292954],[0.6249641]
ISIC_0000415_downsampled.jpg,Melanoma,[0.00670175],[0.0007903],[0.02640611],[0.00508631],[0.73340255],[0.70374346],[0.03258948],[0.8364092]
ISIC_0000420_downsampled.jpg,Melanoma,[0.00628721],[0.00166475],[0.01449053],[0.01681597],[0.8672034],[0.89469236],[0.04201771],[0.82573086]
ISIC_0000434_downsampled.jpg,Melanoma,[0.00593472],[0.00226975],[0.00368942],[0.00764417],[0.8838597],[0.89316475],[0.02439284],[0.57097185]
ISIC_0000445_downsampled.jpg,Melanoma,[0.00735447],[0.00286134],[0.00945646],[0.01693343],[0.89128983],[0.8963226],[0.02938523],[0.8612045]
ISIC_0000463_downsampled.jpg,Melanoma,[0.00967468],[0.00181262],[0.00562125],[0.00940709],[0.8482673],[0.9104186],[0.03158914],[0.7069301]
ISIC_0000466.jpg,Melanoma,[0.00649029],[0.00153177],[0.00207308],[0.00385038],[0.87100816],[0.9225928],[0.01870566],[0.7014753]
ISIC_0000482.jpg,Melanoma,[0.00313046],[0.00143086],[0.00193244],[0.00378751],[0.9111641],[0.9021509],[0.01469193],[0.72363096]
ISIC_0000484.jpg,Melanoma,[0.00706728],[0.00098173],[0.00481095],[0.00586201],[0.8969256],[0.9133585],[0.02695861],[0.7862634]
ISIC_0000487.jpg,Melanoma,[0.01063268],[0.00131663],[0.00474386],[0.01833399],[0.886194],[0.9221177],[0.04828418],[0.8030427]
ISIC_0000511.jpg,Melanoma,[0.01190974],[0.00074182],[0.00268776],[0.00545882],[0.8042719],[0.8662006],[0.06104151],[0.5737296]
ISIC_0024329.jpg,Squamous cell carcinoma,[0.8670618],[0.00089989],[0.00044266],[0.04198223],[0.00394584],[0.00631531],[0.83379775],[0.02314875]
ISIC_0024372.jpg,Squamous cell carcinoma,[0.8156129],[0.00093107],[0.00057157],[0.03890911],[0.00308498],[0.00543303],[0.85454136],[0.02084671]
ISIC_0024418.jpg,Squamous cell carcinoma,[0.2673226],[0.00044385],[0.00168596],[0.06785931],[0.14814149],[0.18126984],[0.66358674],[0.2490506]
ISIC_0024463.jpg,Squamous cell carcinoma,[0.6208839],[0.00116535],[0.00100478],[0.12320915],[0.00797483],[0.01221517],[0.81454635],[0.04194376]
ISIC_0024517.jpg,Squamous cell carcinoma,[0.21367675],[0.00061997],[0.00190766],[0.5295088],[0.00490332],[0.00547179],[0.5515708],[0.04553089]
ISIC_0024522.jpg,Squamous cell carcinoma,[0.7425601],[0.00067606],[0.00105057],[0.12802558],[0.00525132],[0.00808313],[0.79340833],[0.03381106]
ISIC_0024539.jpg,Squamous cell carcinoma,[0.81325185],[0.00132763],[0.00119014],[0.14166583],[0.00169173],[0.00250749],[0.73810166],[0.01029881]
ISIC_0024562.jpg,Squamous cell carcinoma,[0.18627031],[0.00080768],[0.00946983],[0.7791564],[0.00547024],[0.00817834],[0.3378988],[0.11059486]
ISIC_0024575.jpg,Squamous cell carcinoma,[0.3876368],[0.00059839],[0.00275204],[0.50884604],[0.00995216],[0.01175613],[0.6636517],[0.12001769]
ISIC_0024579.jpg,Squamous cell carcinoma,[0.3796636],[0.00095712],[0.00049752],[0.05897134],[0.02496386],[0.04277404],[0.85256666],[0.05939113]
ISIC_0024710.jpg,Squamous cell carcinoma,[0.39206746],[0.0048229],[0.00206631],[0.31414622],[0.00978876],[0.01704621],[0.8133946],[0.02684016]
ISIC_0024925.jpg,Squamous cell carcinoma,[0.27557534],[0.00058805],[0.00164867],[0.34101325],[0.01021492],[0.01224678],[0.5927717],[0.09290078]
ISIC_0025069.jpg,Squamous cell carcinoma,[0.6993341],[0.00057443],[0.00062635],[0.05449526],[0.00998259],[0.01436535],[0.56674314],[0.04623761]
ISIC_0025089.jpg,Squamous cell carcinoma,[0.88044316],[0.00123989],[0.00083219],[0.03105291],[0.01043526],[0.01027037],[0.75210047],[0.0299515]
ISIC_0025130.jpg,Squamous cell carcinoma,[0.9110801],[0.0016006],[0.00045048],[0.01468262],[0.00204847],[0.0028055],[0.68861353],[0.01134785]
ISIC_0025178.jpg,Squamous cell carcinoma,[0.18065643],[0.00084816],[0.00200708],[0.35067385],[0.00660523],[0.00814643],[0.6020993],[0.07142281]
ISIC_0025182.jpg,Squamous cell carcinoma,[0.12712602],[0.0006885],[0.00229252],[0.45046374],[0.00193796],[0.00276243],[0.39871636],[0.03841162]
ISIC_0025264.jpg,Squamous cell carcinoma,[0.35731602],[0.00050616],[0.00199533],[0.07268177],[0.02755856],[0.03574324],[0.7289098],[0.12790346]
ISIC_0025319.jpg,Squamous cell carcinoma,[0.86016196],[0.00147666],[0.00184179],[0.06416947],[0.02044513],[0.02571941],[0.77364266],[0.04731804]
ISIC_0025331.jpg,Squamous cell carcinoma,[0.9106375],[0.00128655],[0.00041272],[0.00982871],[0.00122173],[0.00184697],[0.6217086],[0.00851199]
ISIC_0025350.jpg,Squamous cell carcinoma,[0.66424453],[0.00067963],[0.00068797],[0.08330372],[0.0102612],[0.01890331],[0.8218962],[0.06523976]
ISIC_0025358.jpg,Squamous cell carcinoma,[0.8862018],[0.00121445],[0.00041618],[0.04536563],[0.00209164],[0.00264721],[0.80561274],[0.01673931]
ISIC_0025411.jpg,Squamous cell carcinoma,[0.5335992],[0.00049537],[0.00090325],[0.1289388],[0.01786772],[0.02636197],[0.7660177],[0.10818624]
ISIC_0025471.jpg,Squamous cell carcinoma,[0.6131115],[0.00081175],[0.00218066],[0.1976461],[0.01630373],[0.02109024],[0.8336899],[0.05887333]
ISIC_0025539.jpg,Squamous cell carcinoma,[0.6423604],[0.00066406],[0.00109024],[0.2688854],[0.00104653],[0.00141414],[0.6543771],[0.02209794]
ISIC_0025577.jpg,Squamous cell carcinoma,[0.6138024],[0.00133809],[0.00103689],[0.07228465],[0.02131521],[0.02532537],[0.8879428],[0.07812661]
ISIC_0025637.jpg,Squamous cell carcinoma,[0.85860556],[0.00078987],[0.00099363],[0.09167034],[0.00120014],[0.00176426],[0.6485449],[0.01437659]
ISIC_0025696.jpg,Squamous cell carcinoma,[0.9058418],[0.00208974],[0.00029947],[0.0094246],[0.00116618],[0.00138152],[0.55717534],[0.0037247]
ISIC_0025790.jpg,Squamous cell carcinoma,[0.75555503],[0.00138367],[0.00131971],[0.04249978],[0.01678052],[0.0270266],[0.8721205],[0.04384903]
ISIC_0025808.jpg,Squamous cell carcinoma,[0.6936685],[0.00077884],[0.00212305],[0.08927261],[0.01463383],[0.02180365],[0.74787414],[0.0688042]
ISIC_0025811.jpg,Squamous cell carcinoma,[0.86934894],[0.00089411],[0.0010033],[0.04179883],[0.00237285],[0.00306169],[0.6012145],[0.01298687]
ISIC_0025831.jpg,Squamous cell carcinoma,[0.9162853],[0.00155183],[0.0016793],[0.02427691],[0.00693208],[0.00761309],[0.69170016],[0.01391871]
ISIC_0026014.jpg,Squamous cell carcinoma,[0.1662268],[0.0029127],[0.0058745],[0.07553855],[0.4143558],[0.51086515],[0.5796574],[0.392237]
ISIC_0026083.jpg,Squamous cell carcinoma,[0.75883937],[0.00124813],[0.00060738],[0.08492092],[0.00295525],[0.00435117],[0.8112419],[0.0208888]
ISIC_0026100.jpg,Squamous cell carcinoma,[0.37077075],[0.00132568],[0.00161943],[0.24378124],[0.01540963],[0.02021412],[0.81645596],[0.09332336]
ISIC_0026138.jpg,Squamous cell carcinoma,[0.346086],[0.00084276],[0.00178167],[0.3139291],[0.0029082],[0.00429995],[0.6430996],[0.02040257]
ISIC_0026152.jpg,Squamous cell carcinoma,[0.0799614],[0.00078128],[0.00440903],[0.67657596],[0.00087644],[0.00128924],[0.29229403],[0.02698203]
ISIC_0026203.jpg,Squamous cell carcinoma,[0.46028963],[0.00054263],[0.00127943],[0.36157343],[0.00748496],[0.00829634],[0.702857],[0.08925202]
ISIC_0026319.jpg,Squamous cell carcinoma,[0.6632324],[0.00041027],[0.0025604],[0.0341228],[0.03303904],[0.04285813],[0.68174857],[0.06586554]
ISIC_0026388.jpg,Squamous cell carcinoma,[0.7169416],[0.00197772],[0.00106599],[0.08696627],[0.03086062],[0.05059862],[0.8547981],[0.05767159]
ISIC_0026411.jpg,Squamous cell carcinoma,[0.93779916],[0.00190873],[0.00084022],[0.05018346],[0.00251468],[0.00324035],[0.6879994],[0.01643273]
ISIC_0026466.jpg,Squamous cell carcinoma,[0.415884],[0.00055983],[0.00125777],[0.3063015],[0.00571318],[0.00667756],[0.7890442],[0.0497326]
ISIC_0026492.jpg,Squamous cell carcinoma,[0.32859948],[0.0005357],[0.00181231],[0.21678482],[0.03248816],[0.0298615],[0.7514677],[0.11343567]
ISIC_0026549.jpg,Squamous cell carcinoma,[0.7710996],[0.00048796],[0.00056712],[0.07447718],[0.01174526],[0.01632878],[0.85130554],[0.04987529]
ISIC_0026645.jpg,Squamous cell carcinoma,[0.77044153],[0.00069743],[0.00147413],[0.15004732],[0.0063404],[0.00755839],[0.8559074],[0.02944717]
ISIC_0026720.jpg,Squamous cell carcinoma,[0.38715786],[0.00114485],[0.00101083],[0.23973545],[0.0045254],[0.00955459],[0.7122542],[0.04994569]
ISIC_0026872.jpg,Squamous cell carcinoma,[0.32002246],[0.00072079],[0.00194249],[0.38343298],[0.00636085],[0.01264337],[0.7460255],[0.04373651]
ISIC_0026927.jpg,Squamous cell carcinoma,[0.83606964],[0.00149165],[0.00074534],[0.06082752],[0.00262177],[0.00449738],[0.7625119],[0.01030934]
ISIC_0026992.jpg,Squamous cell carcinoma,[0.8685613],[0.00078836],[0.00061579],[0.04892382],[0.00449493],[0.00706988],[0.8362582],[0.03181923]
ISIC_0027047.jpg,Squamous cell carcinoma,[0.69195235],[0.00104632],[0.00089603],[0.09876268],[0.00434172],[0.00803511],[0.8318046],[0.04609631]
ISIC_0027084.jpg,Squamous cell carcinoma,[0.16449939],[0.0021011],[0.00143529],[0.5801072],[0.00480474],[0.00777187],[0.5797624],[0.05277986]
ISIC_0027178.jpg,Squamous cell carcinoma,[0.88695973],[0.00158858],[0.0010187],[0.0855971],[0.00441328],[0.00541745],[0.8233903],[0.031012]
ISIC_0027184.jpg,Squamous cell carcinoma,[0.58237785],[0.00081581],[0.00078349],[0.06601994],[0.02094902],[0.02906005],[0.8923939],[0.05438713]
ISIC_0027231.jpg,Squamous cell carcinoma,[0.65087813],[0.0012942],[0.00081841],[0.06160606],[0.00293649],[0.00370511],[0.7843068],[0.01630092]
ISIC_0027343.jpg,Squamous cell carcinoma,[0.4698511],[0.00027987],[0.00200502],[0.23042011],[0.02546752],[0.02941482],[0.7439782],[0.16081451]
ISIC_0027506.jpg,Squamous cell carcinoma,[0.4440265],[0.0012934],[0.00064295],[0.1129788],[0.00113513],[0.00205747],[0.72383136],[0.013483]
ISIC_0027529.jpg,Squamous cell carcinoma,[0.7343866],[0.00075756],[0.00094817],[0.06413838],[0.013153],[0.0188985],[0.8133459],[0.03338127]
ISIC_0027550.jpg,Squamous cell carcinoma,[0.48651227],[0.00047502],[0.00187759],[0.43623123],[0.00378294],[0.00477828],[0.6752142],[0.05726905]
ISIC_0027577.jpg,Squamous cell carcinoma,[0.47703484],[0.00173278],[0.0018892],[0.2207171],[0.01752598],[0.02779339],[0.8520253],[0.08567532]
ISIC_0027678.jpg,Squamous cell carcinoma,[0.7283082],[0.00082151],[0.00092354],[0.10406048],[0.01269061],[0.01928836],[0.8314228],[0.05926009]
ISIC_0027700.jpg,Squamous cell carcinoma,[0.45421892],[0.00098702],[0.00196085],[0.19823575],[0.01922652],[0.02552137],[0.7961189],[0.1189756]
ISIC_0027719.jpg,Squamous cell carcinoma,[0.29557174],[0.00153242],[0.00171093],[0.2150585],[0.04182359],[0.05415301],[0.8350186],[0.10976421]
ISIC_0027767.jpg,Squamous cell carcinoma,[0.29183477],[0.0004943],[0.00227366],[0.4904331],[0.00520814],[0.00673644],[0.50584084],[0.04815012]
ISIC_0027930.jpg,Squamous cell carcinoma,[0.3590554],[0.00098534],[0.00393688],[0.7092978],[0.00363682],[0.00723971],[0.6548951],[0.05418805]
ISIC_0028132.jpg,Squamous cell carcinoma,[0.6085833],[0.00195603],[0.00166777],[0.16798966],[0.03766021],[0.0634208],[0.8067043],[0.10026161]
ISIC_0028158.jpg,Squamous cell carcinoma,[0.69140625],[0.00100314],[0.00042397],[0.07693576],[0.00523403],[0.00599336],[0.865467],[0.04088712]
ISIC_0028224.jpg,Squamous cell carcinoma,[0.84194833],[0.00217936],[0.00076009],[0.03735441],[0.00918196],[0.01125709],[0.8314461],[0.02959637]
ISIC_0028231.jpg,Squamous cell carcinoma,[0.74833715],[0.00039132],[0.00157717],[0.13582712],[0.02545479],[0.03600784],[0.81898344],[0.10797177]
ISIC_0028232.jpg,Squamous cell carcinoma,[0.81348616],[0.00136265],[0.00065601],[0.02566431],[0.00627899],[0.01024771],[0.7481137],[0.02161226]
ISIC_0028335.jpg,Squamous cell carcinoma,[0.2690988],[0.00092024],[0.00527199],[0.60187864],[0.00974675],[0.0132249],[0.62856257],[0.04961991]
ISIC_0028372.jpg,Squamous cell carcinoma,[0.5429876],[0.00065989],[0.00062941],[0.18511018],[0.00238743],[0.00469389],[0.753691],[0.03008194]
ISIC_0028381.jpg,Squamous cell carcinoma,[0.44854894],[0.00077844],[0.00244079],[0.32591024],[0.0092252],[0.0097431],[0.7935456],[0.06896626]
ISIC_0028499.jpg,Squamous cell carcinoma,[0.41803816],[0.00082653],[0.00297682],[0.3621346],[0.0177709],[0.03005055],[0.796612],[0.09033053]
ISIC_0028644.jpg,Squamous cell carcinoma,[0.07019985],[0.00167655],[0.01409754],[0.390927],[0.23488583],[0.29833072],[0.4518245],[0.42133987]
ISIC_0028659.jpg,Squamous cell carcinoma,[0.7592694],[0.001317],[0.00086256],[0.12982361],[0.002041],[0.00239308],[0.72345835],[0.02765549]
ISIC_0028730.jpg,Squamous cell carcinoma,[0.20664789],[0.00058455],[0.00097943],[0.43209288],[0.00649571],[0.00770899],[0.5457495],[0.07979237]
ISIC_0028763.jpg,Squamous cell carcinoma,[0.58079267],[0.00147275],[0.00187798],[0.11787289],[0.04064516],[0.0575724],[0.8624536],[0.08243381]
ISIC_0028816.jpg,Squamous cell carcinoma,[0.85973805],[0.00106994],[0.00062542],[0.03507266],[0.00292166],[0.0038602],[0.7836737],[0.01498468]
ISIC_0028872.jpg,Squamous cell carcinoma,[0.69420606],[0.00242671],[0.0005955],[0.08638813],[0.00629827],[0.00813801],[0.84565383],[0.03136138]
ISIC_0029043.jpg,Squamous cell carcinoma,[0.53995234],[0.00106137],[0.00087815],[0.16305205],[0.00677899],[0.00879362],[0.87973773],[0.03535199]
ISIC_0024370.jpg,Vascular lesion,[0.00548507],[0.00472895],[0.20187837],[0.07947814],[0.64731365],[0.67844063],[0.04623761],[0.56674314]
ISIC_0024402.jpg,Vascular lesion,[0.02925801],[0.00308091],[0.06514426],[0.9321506],[0.01674711],[0.0204586],[0.14993958],[0.3067331]
ISIC_0024475.jpg,Vascular lesion,[0.00860021],[0.00197758],[0.01716684],[0.9235051],[0.00163544],[0.00229803],[0.04223379],[0.06811802]
ISIC_0024662.jpg,Vascular lesion,[0.01414013],[0.00306129],[0.4244624],[0.9422766],[0.03857787],[0.05933686],[0.1707762],[0.43613356]
ISIC_0024669.jpg,Vascular lesion,[0.01171852],[0.00206284],[0.02801807],[0.94978744],[0.0015238],[0.00204399],[0.04232925],[0.06322695]
ISIC_0024904.jpg,Vascular lesion,[0.02810931],[0.00678426],[0.2943178],[0.85098773],[0.06053007],[0.05823429],[0.12593533],[0.5893502]
ISIC_0025197.jpg,Vascular lesion,[0.03355303],[0.00703668],[0.04717297],[0.5222589],[0.37270895],[0.47202933],[0.21483366],[0.82449645]
ISIC_0025244.jpg,Vascular lesion,[0.02796658],[0.00076588],[0.59452164],[0.31511322],[0.49158368],[0.5443324],[0.13706382],[0.87368435]
ISIC_0025249.jpg,Vascular lesion,[0.01849213],[0.00123622],[0.01334993],[0.9323666],[0.00117166],[0.00210453],[0.07025612],[0.02499849]
ISIC_0025250.jpg,Vascular lesion,[0.5420261],[0.01523596],[0.01129249],[0.23384956],[0.08506985],[0.10902928],[0.6116261],[0.22402674]
ISIC_0025321.jpg,Vascular lesion,[0.09430967],[0.00057557],[0.01681068],[0.8448684],[0.00220946],[0.00318992],[0.22124307],[0.05337643]
ISIC_0025425.jpg,Vascular lesion,[0.04628546],[0.00100882],[0.03369663],[0.82421356],[0.00193603],[0.00253163],[0.11287111],[0.05887156]
ISIC_0025452.jpg,Vascular lesion,[0.00769355],[0.00134553],[0.37617198],[0.55878365],[0.06239399],[0.06779196],[0.04018457],[0.6567054]
ISIC_0025578.jpg,Vascular lesion,[0.02525095],[0.00034391],[0.40170246],[0.39873326],[0.12622869],[0.14057793],[0.07664132],[0.744531]
ISIC_0025596.jpg,Vascular lesion,[0.01210584],[0.00120148],[0.22658515],[0.554795],[0.13509287],[0.15266411],[0.0798138],[0.6516111]
ISIC_0025599.jpg,Vascular lesion,[0.00953788],[0.00170684],[0.0358231],[0.933476],[0.002437],[0.00332508],[0.04161363],[0.05776994]
ISIC_0025606.jpg,Vascular lesion,[0.01801373],[0.00913896],[0.14138243],[0.9272269],[0.0161006],[0.0187838],[0.11685984],[0.23683766]
ISIC_0025612.jpg,Vascular lesion,[0.00937044],[0.00127574],[0.02747269],[0.94336766],[0.00213813],[0.00307021],[0.04023658],[0.06613868]
ISIC_0025680.jpg,Vascular lesion,[0.01124878],[0.00039818],[0.81787384],[0.5850677],[0.08547804],[0.08781107],[0.04666801],[0.66589457]
ISIC_0025707.jpg,Vascular lesion,[0.01716975],[0.00089965],[0.42778477],[0.878648],[0.02167554],[0.02670067],[0.08953758],[0.26540473]
ISIC_0025873.jpg,Vascular lesion,[0.010636],[0.00450644],[0.5759604],[0.1915138],[0.3152044],[0.26191756],[0.04640255],[0.9008629]
ISIC_0026068.jpg,Vascular lesion,[0.01905132],[0.00092238],[0.67044127],[0.74652773],[0.04929967],[0.04681139],[0.08806656],[0.47546554]
ISIC_0026092.jpg,Vascular lesion,[0.01485879],[0.00309525],[0.64648896],[0.5372735],[0.11878327],[0.14500971],[0.04048983],[0.8018574]
ISIC_0026163.jpg,Vascular lesion,[0.09605008],[0.00990265],[0.02191944],[0.9279183],[0.01082622],[0.01372768],[0.34075803],[0.06226814]
ISIC_0026336.jpg,Vascular lesion,[0.03679879],[0.00208739],[0.09338908],[0.9162131],[0.00779229],[0.00802848],[0.14443325],[0.15596277]
ISIC_0026349.jpg,Vascular lesion,[0.02115914],[0.85398096],[0.03132413],[0.20551842],[0.20054835],[0.20419444],[0.12709765],[0.32152173]
ISIC_0026393.jpg,Vascular lesion,[0.0126285],[0.00171427],[0.04285606],[0.92851144],[0.00274763],[0.00322252],[0.0885427],[0.05711796]
ISIC_0026467.jpg,Vascular lesion,[0.01964154],[0.00234858],[0.21362436],[0.9507639],[0.00674299],[0.00931935],[0.08667488],[0.14154391]
ISIC_0026490.jpg,Vascular lesion,[0.01210497],[0.00105905],[0.47503313],[0.25173742],[0.10984129],[0.11594436],[0.04399263],[0.7714129]
ISIC_0026693.jpg,Vascular lesion,[0.01207165],[0.00149852],[0.01806251],[0.93034035],[0.00164429],[0.00235136],[0.05423312],[0.03815614]
ISIC_0027159.jpg,Vascular lesion,[0.00421221],[0.00272747],[0.0119787],[0.00949373],[0.8332853],[0.8654002],[0.02819839],[0.80137575]
ISIC_0027210.jpg,Vascular lesion,[0.00706069],[0.00019405],[0.81007415],[0.33348575],[0.03121587],[0.03494715],[0.01580673],[0.48270214]
ISIC_0027256.jpg,Vascular lesion,[0.00494891],[0.01473658],[0.0542421],[0.02413381],[0.83682483],[0.81722295],[0.04310278],[0.90675235]
ISIC_0027269.jpg,Vascular lesion,[0.00578674],[0.02903302],[0.009038],[0.01214568],[0.90493214],[0.9146224],[0.0462291],[0.6670916]
ISIC_0027385.jpg,Vascular lesion,[0.00787281],[0.00259938],[0.1766074],[0.11471482],[0.55047333],[0.6073179],[0.03894501],[0.94278175]
ISIC_0027522.jpg,Vascular lesion,[0.01849953],[0.00142398],[0.25054073],[0.9355316],[0.01043549],[0.01217811],[0.07156452],[0.22298999]
ISIC_0027563.jpg,Vascular lesion,[0.01096681],[0.00201585],[0.01929182],[0.9270546],[0.00235747],[0.00389158],[0.05704655],[0.08121655]
ISIC_0027665.jpg,Vascular lesion,[0.01910057],[0.00126838],[0.2904463],[0.5116838],[0.21092504],[0.2049649],[0.1827888],[0.76815575]
ISIC_0027672.jpg,Vascular lesion,[0.01962008],[0.03037206],[0.03297997],[0.10563782],[0.78708875],[0.8153418],[0.11104813],[0.7503979]
ISIC_0027856.jpg,Vascular lesion,[0.0903973],[0.00119363],[0.36324164],[0.6098127],[0.00754381],[0.00964534],[0.21589798],[0.17066817]
ISIC_0027888.jpg,Vascular lesion,[0.00617804],[0.00046561],[0.2487205],[0.837107],[0.00408273],[0.00561383],[0.01530032],[0.17261276]
ISIC_0027903.jpg,Vascular lesion,[0.06011903],[0.00990965],[0.01363614],[0.7174951],[0.08906521],[0.11643343],[0.5503187],[0.30956447]
ISIC_0027937.jpg,Vascular lesion,[0.03411928],[0.00079184],[0.3458832],[0.8200237],[0.03184037],[0.03295762],[0.16182375],[0.29128543]
ISIC_0028188.jpg,Vascular lesion,[0.00699595],[0.00129566],[0.28405905],[0.09467229],[0.38681522],[0.34175208],[0.03509787],[0.8445594]
ISIC_0028431.jpg,Vascular lesion,[0.02017437],[0.05396053],[0.10621659],[0.5805948],[0.0616079],[0.06693093],[0.05336609],[0.4490868]
ISIC_0028680.jpg,Vascular lesion,[0.00726066],[0.00136993],[0.25823173],[0.050387],[0.59967244],[0.6724803],[0.02928117],[0.87286997]
ISIC_0028885.jpg,Vascular lesion,[0.01148292],[0.0032628],[0.04117745],[0.9311327],[0.00590079],[0.00837847],[0.0722253],[0.11493822]
ISIC_0029099.jpg,Vascular lesion,[0.01409573],[0.00256014],[0.01606357],[0.96329236],[0.00365269],[0.00557177],[0.05476514],[0.09490836]
ISIC_0029404.jpg,Vascular lesion,[0.01272885],[0.00071927],[0.56947136],[0.18085116],[0.16530341],[0.1839131],[0.03435258],[0.8131942]
ISIC_0029439.jpg,Vascular lesion,[0.01879748],[0.00191533],[0.09762795],[0.80511093],[0.05777194],[0.06114749],[0.12406241],[0.5643442]
ISIC_0029448.jpg,Vascular lesion,[0.00875536],[0.00237075],[0.06227002],[0.05987713],[0.7618138],[0.7912004],[0.03206043],[0.91903293]
ISIC_0029486.jpg,Vascular lesion,[0.04734892],[0.00084242],[0.00506666],[0.8319515],[0.00129349],[0.00151746],[0.17257746],[0.04081925]
ISIC_0029514.jpg,Vascular lesion,[0.03824553],[0.00099598],[0.01177281],[0.90720844],[0.00164358],[0.00200233],[0.11663213],[0.04506828]
ISIC_0029877.jpg,Vascular lesion,[0.01644761],[0.00385781],[0.06856674],[0.92491883],[0.02168941],[0.02247902],[0.15035063],[0.20426242]
ISIC_0029889.jpg,Vascular lesion,[0.04149207],[0.0010176],[0.00946924],[0.9285266],[0.0015001],[0.00224664],[0.1037799],[0.04479304]
ISIC_0030070.jpg,Vascular lesion,[0.11455107],[0.00104238],[0.01763109],[0.7944484],[0.00988762],[0.01362907],[0.32029146],[0.10788552]
ISIC_0030104.jpg,Vascular lesion,[0.02029389],[0.00152486],[0.15544137],[0.74275404],[0.09164818],[0.10102655],[0.09117384],[0.6531878]
ISIC_0030283.jpg,Vascular lesion,[0.02633605],[0.00170957],[0.074557],[0.9529675],[0.02968869],[0.04299658],[0.19514225],[0.30542716]
ISIC_0030606.jpg,Vascular lesion,[0.04934874],[0.07677518],[0.03219331],[0.530024],[0.12875256],[0.14961624],[0.18682118],[0.50241375]
ISIC_0030722.jpg,Vascular lesion,[0.13428482],[0.11127182],[0.03873398],[0.779703],[0.07622481],[0.11196343],[0.4639611],[0.39170972]
ISIC_0030770.jpg,Vascular lesion,[0.03703511],[0.00108756],[0.03858214],[0.92628384],[0.00159373],[0.00208251],[0.07783418],[0.06356653]
ISIC_0030882.jpg,Vascular lesion,[0.01032376],[0.0047894],[0.12375668],[0.09838095],[0.67053235],[0.7140887],[0.05124382],[0.9057088]
ISIC_0030956.jpg,Vascular lesion,[0.11158161],[0.00147148],[0.02113854],[0.8196584],[0.02108885],[0.03334157],[0.47288334],[0.14349236]
ISIC_0031065.jpg,Vascular lesion,[0.03712326],[0.00175165],[0.25053146],[0.27016884],[0.25760996],[0.28438112],[0.17676857],[0.7516287]
ISIC_0031090.jpg,Vascular lesion,[0.08118119],[0.00345562],[0.28196597],[0.7406452],[0.06204636],[0.09084639],[0.2261117],[0.53922683]
ISIC_0031093.jpg,Vascular lesion,[0.04325428],[0.00127545],[0.14151348],[0.8668009],[0.00490694],[0.00624564],[0.12279437],[0.08601187]
ISIC_0031201.jpg,Vascular lesion,[0.01037095],[0.00082196],[0.19762054],[0.90541786],[0.01407559],[0.01923557],[0.03668496],[0.2542575]
ISIC_0031215.jpg,Vascular lesion,[0.00655937],[0.00054721],[0.7395353],[0.6735403],[0.01838427],[0.01959218],[0.02783628],[0.42590463]
ISIC_0031217.jpg,Vascular lesion,[0.01624756],[0.00098459],[0.03643458],[0.9504101],[0.00277268],[0.00483913],[0.07226641],[0.05644683]
ISIC_0031270.jpg,Vascular lesion,[0.05395823],[0.00433338],[0.03111547],[0.93504286],[0.0083691],[0.01632386],[0.20403418],[0.18207206]
ISIC_0031276.jpg,Vascular lesion,[0.0088157],[0.00145277],[0.16151899],[0.21705192],[0.26412395],[0.25472862],[0.04229607],[0.7646047]
ISIC_0031346.jpg,Vascular lesion,[0.03300279],[0.00094547],[0.25100315],[0.8556906],[0.01936817],[0.0293169],[0.10759927],[0.32147354]
ISIC_0031648.jpg,Vascular lesion,[0.01568219],[0.00379034],[0.03987882],[0.08854961],[0.736303],[0.71003366],[0.1480329],[0.7613412]
ISIC_0031706.jpg,Vascular lesion,[0.00297979],[0.00048656],[0.71812075],[0.12042377],[0.11265212],[0.11280365],[0.01235297],[0.69401455]
ISIC_0031719.jpg,Vascular lesion,[0.06400885],[0.00343224],[0.10441221],[0.82392824],[0.14461905],[0.17185466],[0.29451427],[0.67212224]
ISIC_0031759.jpg,Vascular lesion,[0.02081028],[0.00112191],[0.01268357],[0.9415552],[0.00234464],[0.00358139],[0.09808122],[0.05361637]
ISIC_0031901.jpg,Vascular lesion,[0.08945105],[0.00137593],[0.00574985],[0.7787448],[0.00108292],[0.0014987],[0.20734254],[0.0270597]
ISIC_0031950.jpg,Vascular lesion,[0.02815742],[0.00221811],[0.10652592],[0.95191824],[0.00405608],[0.00414668],[0.07785078],[0.21013741]
ISIC_0031955.jpg,Vascular lesion,[0.03931968],[0.00194965],[0.1094643],[0.5422199],[0.18787208],[0.23355438],[0.29917964],[0.65172714]
ISIC_0031996.jpg,Vascular lesion,[0.00216285],[0.01665314],[0.01696684],[0.00318321],[0.86567545],[0.8685684],[0.01317813],[0.840078]
